{"type":"FeatureCollection","name":"gujarat_districts","attribution":"Derived from datta07/INDIAN-SHAPEFILES (GUJARAT_DISTRICTS.geojson, Census 2011 + 2014 updates); simplified (Douglas-Peucker 0.0025 deg) and district names canonicalised for Sentinel Gujarat","crs":{"type":"name","properties":{"name":"EPSG:4326"}},"features":[{"type":"Feature","properties":{"district":"Ahmedabad","code":"AH","source_name":"Ahmadabad","dtcode11":"474"},"geometry":{"type":"MultiPolygon","coordinates":[[[[72.03022,23.50726],[71.99844,23.49863],[71.99301,23.48454],[71.9802,23.47842],[71.96381,23.46245],[71.97038,23.43097],[71.96842,23.40911],[71.95609,23.3875],[71.92831,23.38973],[71.90306,23.38073],[71.88789,23.39066],[71.8705,23.38169],[71.87203,23.36911],[71.88288,23.35762],[71.89446,23.32926],[71.87999,23.32146],[71.87624,23.30967],[71.88404,23.30231],[71.87261,23.2792],[71.87179,23.27184],[71.87975,23.25361],[71.87545,23.24959],[71.8742,23.22513],[71.87003,23.2184],[71.89706,23.21897],[71.90257,23.25595],[71.91976,23.26395],[71.9281,23.26554],[71.93359,23.26148],[71.94322,23.23685],[71.96135,23.24032],[71.97001,23.25015],[71.99572,23.24834],[71.99672,23.23923],[71.98831,23.20931],[71.96712,23.20932],[71.95457,23.20003],[71.94975,23.20396],[71.93129,23.19106],[71.92796,23.18035],[71.90613,23.17611],[71.90811,23.16082],[71.90478,23.14242],[71.90015,23.13745],[71.90446,23.12095],[71.89968,23.10252],[71.90901,23.09052],[71.90876,23.08412],[71.91373,23.08171],[71.91123,23.08046],[71.91882,23.06595],[71.93203,23.05969],[71.94553,23.06285],[71.95129,23.04751],[71.94614,23.03519],[71.9523,23.02878],[71.96212,23.02851],[71.95905,23.03558],[71.9608,23.04697],[71.97344,23.05849],[71.98506,23.06058],[72.00583,23.05523],[72.0155,23.05793],[72.01789,23.05077],[72.02175,23.0183],[72.0104,23.01187],[72.00879,23.00163],[72.01135,22.99298],[72.02081,22.99212],[72.01712,22.9811],[71.99571,22.95178],[71.99402,22.9378],[72.00534,22.92433],[71.99952,22.90803],[72.00247,22.89698],[71.9901,22.88236],[71.98958,22.86287],[71.99469,22.84545],[72.00908,22.81978],[72.01362,22.8181],[72.02801,22.82847],[72.03442,22.8599],[72.03457,22.83951],[72.04182,22.82653],[72.03562,22.80971],[72.04843,22.79882],[72.05722,22.79658],[72.04718,22.76843],[72.05573,22.77045],[72.05444,22.75954],[72.06253,22.75681],[72.05404,22.75061],[72.06982,22.73387],[72.10819,22.72112],[72.09404,22.6755],[72.0677,22.67502],[72.05737,22.694],[72.02305,22.68007],[72.06143,22.65355],[72.06695,22.59107],[72.09658,22.60531],[72.10399,22.60304],[72.15022,22.58392],[72.18476,22.55384],[72.18945,22.54227],[72.17267,22.53687],[72.14536,22.51698],[72.15278,22.50121],[72.14806,22.49567],[72.16405,22.47962],[72.15714,22.48101],[72.1462,22.47203],[72.12063,22.46131],[72.10584,22.44638],[72.09017,22.43577],[72.08394,22.43555],[72.05312,22.44302],[72.0509,22.47564],[72.04554,22.47456],[72.03906,22.48325],[72.0333,22.50673],[72.01575,22.51249],[71.97845,22.51171],[71.96703,22.51548],[71.96857,22.52584],[71.97306,22.5284],[71.97079,22.53868],[71.95245,22.54742],[71.93949,22.54686],[71.92605,22.53486],[71.92601,22.52923],[71.91351,22.52638],[71.91858,22.50987],[71.92768,22.50932],[71.93147,22.50284],[71.91931,22.50163],[71.91672,22.48243],[71.93677,22.4797],[71.9416,22.48696],[71.96746,22.49256],[71.96854,22.47335],[71.97231,22.47256],[71.94221,22.4635],[71.93404,22.45329],[71.94155,22.42198],[71.93828,22.41581],[71.94441,22.40502],[71.9449,22.38475],[71.93749,22.38019],[71.92767,22.38769],[71.92119,22.3805],[71.91764,22.40053],[71.90215,22.42373],[71.89202,22.42241],[71.8823,22.40673],[71.86067,22.39613],[71.8629,22.37131],[71.87644,22.36348],[71.88412,22.36679],[71.8852,22.36008],[71.88995,22.35969],[71.89214,22.34553],[71.89903,22.34488],[71.89303,22.33455],[71.88352,22.32804],[71.84138,22.32435],[71.84061,22.3217],[71.84871,22.31877],[71.8476,22.31482],[71.85772,22.31663],[71.85922,22.3076],[71.85586,22.29665],[71.83554,22.26641],[71.85905,22.25741],[71.86533,22.25758],[71.87079,22.26619],[71.87867,22.26182],[71.88036,22.2538],[71.88797,22.25316],[71.90429,22.25892],[71.90834,22.25512],[71.92717,22.27115],[71.93416,22.27101],[71.93835,22.25448],[71.9434,22.25285],[71.99668,22.25062],[72.01395,22.24131],[72.05904,22.24803],[72.07224,22.22898],[72.07959,22.22597],[72.08568,22.22892],[72.09119,22.22162],[72.087,22.21772],[72.10288,22.21574],[72.13169,22.19883],[72.13017,22.17656],[72.11156,22.16971],[72.11739,22.15194],[72.12436,22.15049],[72.12941,22.15528],[72.16958,22.14727],[72.15321,22.13307],[72.14842,22.11547],[72.1145,22.10125],[72.0877,22.09713],[72.05987,22.10242],[72.05752,22.09532],[72.06137,22.08436],[72.08033,22.05518],[72.12336,22.05714],[72.16903,21.99445],[72.21841,21.9815],[72.23224,21.99046],[72.22747,21.99592],[72.227,22.00468],[72.24433,21.99439],[72.24801,22.00768],[72.24035,22.02068],[72.23734,22.0391],[72.22467,22.05747],[72.2302,22.05781],[72.22952,22.06649],[72.23648,22.0638],[72.25017,22.06787],[72.26272,22.06579],[72.26947,22.05956],[72.28124,22.07982],[72.30775,22.14556],[72.32351,22.14357],[72.3386,22.17674],[72.33414,22.19223],[72.33924,22.21373],[72.35803,22.24763],[72.36242,22.29531],[72.37408,22.31724],[72.38659,22.33007],[72.3875,22.33727],[72.40161,22.35299],[72.39955,22.36288],[72.38505,22.37255],[72.34479,22.37975],[72.34156,22.38658],[72.36802,22.40712],[72.37338,22.44671],[72.367,22.44117],[72.35597,22.44033],[72.36387,22.45343],[72.37685,22.45229],[72.37577,22.47317],[72.40694,22.48168],[72.4082,22.47601],[72.42491,22.4892],[72.43881,22.50908],[72.44008,22.53496],[72.43699,22.54469],[72.42252,22.56242],[72.42631,22.57162],[72.43186,22.57361],[72.44103,22.56536],[72.46569,22.57739],[72.48793,22.59851],[72.50385,22.60582],[72.50563,22.62429],[72.51152,22.63295],[72.51773,22.63252],[72.52156,22.62611],[72.52365,22.62946],[72.53546,22.62616],[72.5317,22.64281],[72.53729,22.65214],[72.56936,22.65357],[72.55943,22.66064],[72.5597,22.66509],[72.54817,22.6648],[72.54965,22.67283],[72.52711,22.6779],[72.52644,22.68135],[72.54227,22.68632],[72.54411,22.69292],[72.52332,22.69618],[72.51802,22.70048],[72.52235,22.71221],[72.5373,22.70889],[72.54069,22.71136],[72.52334,22.73366],[72.52423,22.73877],[72.53911,22.75172],[72.52102,22.75264],[72.52981,22.7672],[72.51435,22.77876],[72.52209,22.79569],[72.53869,22.80594],[72.54778,22.80641],[72.55003,22.81485],[72.57038,22.82678],[72.58145,22.81896],[72.58337,22.82342],[72.59718,22.8248],[72.59798,22.81629],[72.60808,22.81347],[72.60222,22.83564],[72.60867,22.86264],[72.59991,22.86656],[72.59854,22.8721],[72.60743,22.88646],[72.61477,22.88815],[72.63261,22.88211],[72.63422,22.88996],[72.64321,22.89781],[72.64781,22.89427],[72.66698,22.89587],[72.67078,22.89152],[72.66777,22.88762],[72.67365,22.88048],[72.68861,22.88003],[72.7066,22.88959],[72.71543,22.90812],[72.72364,22.90906],[72.724,22.91474],[72.73766,22.91334],[72.73651,22.90816],[72.74119,22.90928],[72.74205,22.90562],[72.75739,22.91002],[72.7601,22.90689],[72.79124,22.90785],[72.78895,22.9151],[72.79896,22.92023],[72.79699,22.93178],[72.80526,22.93323],[72.8044,22.9411],[72.81937,22.9538],[72.84052,22.96253],[72.84265,22.96701],[72.83812,22.98243],[72.83178,22.98059],[72.83043,22.98347],[72.83841,22.99623],[72.8194,23.01204],[72.8246,23.01447],[72.82345,23.01919],[72.8183,23.01714],[72.8154,23.02317],[72.80697,23.02616],[72.81536,23.03727],[72.80516,23.03652],[72.79452,23.04412],[72.79757,23.05103],[72.78982,23.05837],[72.7661,23.05951],[72.77818,23.07727],[72.76606,23.09535],[72.74402,23.08893],[72.7442,23.09978],[72.71635,23.09467],[72.71038,23.11063],[72.69992,23.1119],[72.69051,23.10289],[72.68383,23.10159],[72.68056,23.1065],[72.67217,23.10796],[72.66529,23.09473],[72.65495,23.09467],[72.64666,23.10111],[72.6374,23.09188],[72.61039,23.09141],[72.60994,23.10068],[72.61864,23.11495],[72.61299,23.11514],[72.61438,23.12319],[72.60857,23.12897],[72.58273,23.12982],[72.57824,23.11809],[72.57153,23.12201],[72.56911,23.11603],[72.56311,23.11593],[72.56796,23.12674],[72.56265,23.13716],[72.54061,23.13216],[72.54092,23.14869],[72.54861,23.1639],[72.53746,23.16431],[72.53079,23.14843],[72.51852,23.15041],[72.51185,23.15973],[72.50425,23.1549],[72.50501,23.14406],[72.49395,23.14169],[72.48309,23.14433],[72.4865,23.12516],[72.49901,23.11219],[72.49804,23.09962],[72.48174,23.09713],[72.47571,23.08686],[72.45974,23.08383],[72.46025,23.07943],[72.46582,23.08153],[72.47399,23.0721],[72.47181,23.06352],[72.44884,23.06035],[72.44745,23.04743],[72.43521,23.0434],[72.42664,23.04778],[72.43108,23.05557],[72.42767,23.06486],[72.40725,23.0678],[72.40338,23.06505],[72.40306,23.05704],[72.38728,23.05163],[72.38812,23.05484],[72.38117,23.06055],[72.3843,23.07957],[72.3752,23.08083],[72.36954,23.09349],[72.35601,23.08813],[72.34868,23.09035],[72.34488,23.09933],[72.3349,23.10801],[72.31594,23.10583],[72.30646,23.09762],[72.30529,23.08476],[72.3229,23.06793],[72.32302,23.05566],[72.2954,23.03869],[72.2804,23.05934],[72.28277,23.08003],[72.27911,23.08445],[72.25657,23.08727],[72.26129,23.10152],[72.25768,23.10665],[72.24191,23.11243],[72.23791,23.12036],[72.22001,23.12483],[72.19449,23.11863],[72.19123,23.10677],[72.15954,23.1056],[72.16033,23.10902],[72.15445,23.11284],[72.16122,23.11606],[72.16189,23.14016],[72.18792,23.14404],[72.18347,23.16913],[72.17319,23.17829],[72.16773,23.19757],[72.18499,23.21397],[72.18032,23.24128],[72.18518,23.24681],[72.17501,23.25934],[72.17496,23.27274],[72.18304,23.28214],[72.2005,23.27937],[72.20036,23.29378],[72.20878,23.31364],[72.22139,23.31274],[72.23016,23.32911],[72.23096,23.32553],[72.23742,23.32592],[72.25097,23.33282],[72.24831,23.33724],[72.26706,23.35271],[72.26028,23.37445],[72.2749,23.3796],[72.27357,23.38613],[72.28851,23.39306],[72.29092,23.40818],[72.29846,23.41522],[72.2792,23.43128],[72.28763,23.44574],[72.2741,23.44662],[72.26309,23.4649],[72.24856,23.45609],[72.24735,23.44545],[72.24338,23.44499],[72.24283,23.43876],[72.23844,23.44005],[72.23946,23.43047],[72.2292,23.42954],[72.22531,23.43772],[72.21142,23.43861],[72.21176,23.42389],[72.19172,23.42228],[72.19104,23.41646],[72.17179,23.42741],[72.17178,23.4441],[72.15307,23.45123],[72.1425,23.45212],[72.14004,23.44899],[72.12759,23.45377],[72.10909,23.44964],[72.0992,23.45965],[72.08777,23.4593],[72.05196,23.44322],[72.0429,23.45818],[72.03397,23.45711],[72.0333,23.47036],[72.02648,23.47544],[72.03547,23.50118],[72.03447,23.50807],[72.03022,23.50726]]]]}},{"type":"Feature","properties":{"district":"Amreli","code":"AM","source_name":"Amreli","dtcode11":"480"},"geometry":{"type":"MultiPolygon","coordinates":[[[[71.31719,22.03757],[71.30296,22.04173],[71.29946,22.0323],[71.28708,22.02626],[71.28403,22.02009],[71.27762,22.01935],[71.27722,22.01166],[71.29932,21.97563],[71.28884,21.97028],[71.29414,21.96239],[71.25981,21.95844],[71.25796,21.96403],[71.26121,21.96612],[71.25494,21.96872],[71.25207,21.9785],[71.25804,22.00188],[71.25131,22.01125],[71.22947,22.00631],[71.20146,22.00927],[71.19521,22.01409],[71.18797,22.01182],[71.18826,22.00819],[71.19862,22.002],[71.20072,21.97164],[71.17948,21.9652],[71.17874,21.95995],[71.16314,21.96323],[71.16155,21.95686],[71.14923,21.9543],[71.14752,21.94549],[71.13847,21.95046],[71.12822,21.94756],[71.11504,21.91891],[71.09565,21.91467],[71.08467,21.91742],[71.05578,21.9047],[71.05711,21.89848],[71.06296,21.89532],[71.06345,21.88555],[71.04933,21.87664],[71.03054,21.87414],[71.03461,21.86843],[71.05721,21.84901],[71.10497,21.8715],[71.10953,21.85113],[71.10539,21.84967],[71.1039,21.84161],[71.08955,21.83662],[71.09069,21.82795],[71.08522,21.82214],[71.07026,21.82846],[71.0472,21.82472],[71.04641,21.81634],[71.03955,21.80692],[71.05212,21.79115],[71.04164,21.76886],[71.0474,21.75573],[71.03763,21.75048],[71.02992,21.73927],[70.99069,21.73024],[70.99132,21.72602],[70.9783,21.72597],[70.96434,21.75048],[70.95203,21.74353],[70.93001,21.74726],[70.92089,21.76377],[70.89736,21.77027],[70.89853,21.76286],[70.8927,21.76484],[70.89336,21.75656],[70.88722,21.74761],[70.88942,21.73764],[70.87975,21.73207],[70.87377,21.7405],[70.84978,21.73658],[70.83538,21.7451],[70.81459,21.74413],[70.81796,21.73998],[70.81428,21.73839],[70.81954,21.73859],[70.82125,21.73342],[70.81809,21.73201],[70.80451,21.7361],[70.80041,21.74205],[70.77783,21.73083],[70.7851,21.72],[70.76729,21.71025],[70.77537,21.70011],[70.78519,21.70924],[70.79383,21.70916],[70.79542,21.71401],[70.80846,21.71189],[70.80918,21.70869],[70.79951,21.70542],[70.79572,21.6971],[70.79665,21.66907],[70.7937,21.66609],[70.81042,21.63894],[70.81607,21.6436],[70.82812,21.63468],[70.86407,21.59903],[70.87312,21.57725],[70.87947,21.57732],[70.88152,21.5479],[70.89021,21.54991],[70.89446,21.53493],[70.88768,21.52754],[70.86559,21.52708],[70.86344,21.53388],[70.84892,21.53111],[70.84692,21.51516],[70.83923,21.51018],[70.80468,21.51481],[70.81005,21.49076],[70.83367,21.49437],[70.82969,21.48901],[70.8275,21.46807],[70.83176,21.45672],[70.8666,21.46636],[70.875,21.46021],[70.88518,21.44329],[70.88906,21.44332],[70.90057,21.46041],[70.91491,21.46508],[70.92354,21.46265],[70.92853,21.45681],[70.9313,21.42723],[70.94594,21.42365],[70.94738,21.41886],[70.94714,21.39583],[70.92314,21.38994],[70.91762,21.38337],[70.90534,21.38647],[70.90502,21.40073],[70.8908,21.39588],[70.88251,21.3871],[70.88034,21.37809],[70.86766,21.3798],[70.86621,21.37675],[70.87475,21.33751],[70.86686,21.3335],[70.86812,21.31896],[70.88186,21.31767],[70.88819,21.32378],[70.90059,21.32635],[70.91539,21.33687],[70.92163,21.34858],[70.93108,21.34053],[70.94372,21.31184],[70.92846,21.30344],[70.9083,21.29945],[70.89961,21.28653],[70.89578,21.28724],[70.89602,21.27819],[70.89139,21.2767],[70.89056,21.26849],[70.87147,21.26244],[70.86138,21.26477],[70.82485,21.26142],[70.82696,21.25504],[70.81052,21.24785],[70.80398,21.23359],[70.82551,21.204],[70.82371,21.19814],[70.85057,21.18011],[70.8536,21.16727],[70.86436,21.17343],[70.87063,21.17075],[70.89286,21.18542],[70.92182,21.17973],[70.94937,21.16896],[70.97824,21.16417],[70.98947,21.17032],[71.00553,21.16623],[71.02233,21.14463],[71.07596,21.11663],[71.09318,21.09754],[71.09596,21.08678],[71.11287,21.07619],[71.12544,21.07601],[71.13474,21.06735],[71.13839,21.04244],[71.14858,21.03153],[71.13117,21.00627],[71.12947,20.99316],[71.13289,20.98965],[71.12529,20.985],[71.12313,20.96336],[71.13198,20.95995],[71.1363,20.95011],[71.14333,20.9502],[71.1475,20.9517],[71.14523,20.95505],[71.15162,20.95448],[71.15541,20.95949],[71.16903,20.96003],[71.17342,20.96685],[71.17848,20.96457],[71.18759,20.96777],[71.19364,20.9788],[71.21988,20.95698],[71.2055,20.92687],[71.18976,20.92268],[71.18452,20.92593],[71.17768,20.91889],[71.19333,20.90196],[71.19101,20.8956],[71.17661,20.88745],[71.1792,20.88092],[71.18862,20.87323],[71.20488,20.87366],[71.21497,20.85024],[71.21214,20.84018],[71.22383,20.81686],[71.20445,20.79957],[71.20378,20.79488],[71.21029,20.8011],[71.23204,20.80398],[71.2394,20.81159],[71.29242,20.83112],[71.32072,20.84686],[71.38441,20.85736],[71.37368,20.86833],[71.38134,20.87519],[71.39369,20.87516],[71.39769,20.86579],[71.40555,20.86897],[71.43728,20.86911],[71.44955,20.88201],[71.46228,20.88144],[71.47685,20.88982],[71.48186,20.90096],[71.47979,20.90696],[71.49865,20.92137],[71.49677,20.92462],[71.51136,20.94456],[71.54232,20.95775],[71.5569,20.96993],[71.55985,20.96792],[71.55216,20.9591],[71.52962,20.94284],[71.55046,20.95086],[71.56549,20.94929],[71.56844,20.95334],[71.57961,20.9539],[71.57914,20.95721],[71.59373,20.96133],[71.59662,20.96652],[71.60142,20.96359],[71.61164,20.96715],[71.61066,20.97556],[71.61504,20.97466],[71.61719,20.96803],[71.62943,20.96932],[71.63454,20.97394],[71.62911,20.98384],[71.64949,20.99641],[71.66722,20.99885],[71.67738,20.99619],[71.66417,21.02799],[71.66596,21.03135],[71.64052,21.02864],[71.63642,21.04019],[71.63938,21.04517],[71.63764,21.05866],[71.62539,21.06181],[71.61019,21.0547],[71.60825,21.06933],[71.62903,21.07258],[71.63103,21.08745],[71.62561,21.09446],[71.62283,21.11273],[71.6159,21.11207],[71.61262,21.12056],[71.60692,21.12279],[71.60613,21.13122],[71.59396,21.13499],[71.59032,21.14528],[71.58154,21.14499],[71.58177,21.14855],[71.5777,21.14747],[71.57057,21.15666],[71.55476,21.15904],[71.55606,21.16424],[71.54593,21.17575],[71.5409,21.17654],[71.53526,21.17118],[71.53246,21.17433],[71.51643,21.17438],[71.51671,21.179],[71.52561,21.1857],[71.52233,21.18772],[71.52617,21.19293],[71.5177,21.21745],[71.52765,21.22793],[71.52313,21.25001],[71.53303,21.26379],[71.52876,21.2762],[71.53216,21.28971],[71.54707,21.2891],[71.55501,21.28431],[71.56548,21.28649],[71.56964,21.28925],[71.57312,21.30308],[71.58671,21.31472],[71.59416,21.31329],[71.62541,21.32736],[71.62387,21.33019],[71.62943,21.3371],[71.62673,21.34581],[71.62993,21.36813],[71.62669,21.37036],[71.63007,21.38859],[71.61641,21.38904],[71.61441,21.40453],[71.61165,21.4042],[71.61474,21.44099],[71.57064,21.44598],[71.53322,21.44316],[71.52471,21.46217],[71.49199,21.46119],[71.47799,21.48111],[71.48731,21.49408],[71.48966,21.51913],[71.50176,21.54506],[71.50902,21.55013],[71.521,21.5489],[71.54585,21.55884],[71.54837,21.5694],[71.55828,21.58329],[71.55207,21.59598],[71.55116,21.61756],[71.55719,21.62771],[71.58401,21.63534],[71.58885,21.62811],[71.62285,21.6324],[71.62149,21.64775],[71.61738,21.64588],[71.60227,21.65907],[71.58973,21.65888],[71.59227,21.66094],[71.58828,21.68751],[71.59556,21.69568],[71.58966,21.70634],[71.59544,21.7065],[71.60169,21.72769],[71.58639,21.73917],[71.57602,21.73787],[71.57508,21.74175],[71.56633,21.74082],[71.55452,21.7472],[71.53981,21.77427],[71.51629,21.77967],[71.51053,21.7865],[71.51042,21.79325],[71.49959,21.8032],[71.48929,21.80548],[71.47036,21.79995],[71.45555,21.82615],[71.45946,21.84558],[71.4478,21.85167],[71.45357,21.87073],[71.44951,21.87066],[71.4487,21.87509],[71.44006,21.87116],[71.43823,21.87631],[71.42578,21.87788],[71.42388,21.88565],[71.42198,21.87924],[71.42458,21.87861],[71.41804,21.87592],[71.41636,21.88273],[71.41707,21.88672],[71.42295,21.88663],[71.41779,21.90416],[71.42474,21.9113],[71.43409,21.90595],[71.44803,21.90769],[71.45383,21.89864],[71.46052,21.89629],[71.45985,21.90938],[71.467,21.92827],[71.46164,21.93143],[71.45928,21.93976],[71.45018,21.94244],[71.44802,21.95139],[71.41885,21.94478],[71.40235,21.9506],[71.3936,21.96215],[71.39134,21.98312],[71.38188,21.989],[71.37156,21.98375],[71.34438,21.98226],[71.34047,22.00414],[71.33358,22.00387],[71.33465,22.01753],[71.33062,22.03124],[71.31719,22.03757]]],[[[70.78395,21.78942],[70.77839,21.80181],[70.7661,21.79624],[70.7598,21.76575],[70.76609,21.74976],[70.78883,21.75916],[70.79318,21.77055],[70.80094,21.77397],[70.78737,21.78095],[70.78864,21.78641],[70.78395,21.78942]]],[[[70.7566,21.67631],[70.73625,21.66577],[70.74325,21.64086],[70.76997,21.64329],[70.77755,21.66234],[70.77165,21.67206],[70.76443,21.67141],[70.76351,21.67648],[70.7566,21.67631]]],[[[70.87898,21.41019],[70.87891,21.41996],[70.86575,21.41543],[70.85986,21.4085],[70.8461,21.40876],[70.85152,21.3977],[70.86801,21.3895],[70.8717,21.40262],[70.87898,21.41019]]],[[[71.65317,21.11025],[71.64851,21.11631],[71.64439,21.10933],[71.64034,21.11046],[71.64166,21.1044],[71.63454,21.10371],[71.63505,21.09954],[71.64094,21.1014],[71.64375,21.09813],[71.63445,21.09446],[71.63895,21.08835],[71.64473,21.0905],[71.64335,21.09408],[71.65058,21.09537],[71.64736,21.09926],[71.64938,21.10289],[71.6538,21.09803],[71.65317,21.11025]]]]}},{"type":"Feature","properties":{"district":"Anand","code":"AN","source_name":"Anand","dtcode11":"482"},"geometry":{"type":"MultiPolygon","coordinates":[[[[73.02617,22.73469],[73.02176,22.72534],[73.01101,22.72741],[73.00295,22.72313],[73.00924,22.70525],[72.99737,22.69994],[72.9849,22.65358],[72.97635,22.65278],[72.97515,22.64161],[72.96281,22.63381],[72.92981,22.62907],[72.92505,22.60589],[72.91322,22.59295],[72.90078,22.59025],[72.89762,22.59486],[72.86725,22.58233],[72.85925,22.59191],[72.86243,22.60132],[72.87427,22.60378],[72.87129,22.62083],[72.85323,22.61843],[72.85646,22.60941],[72.84983,22.60564],[72.85066,22.6016],[72.8277,22.59502],[72.82669,22.60371],[72.82078,22.60665],[72.83451,22.61479],[72.82657,22.6264],[72.80693,22.62027],[72.79654,22.63993],[72.78515,22.64344],[72.77175,22.63551],[72.76777,22.63789],[72.76102,22.63416],[72.75052,22.63606],[72.74014,22.64563],[72.72825,22.62956],[72.71894,22.63076],[72.71484,22.62413],[72.71444,22.63057],[72.70856,22.63407],[72.68506,22.62963],[72.6888,22.6055],[72.6939,22.5994],[72.70516,22.5999],[72.71051,22.58963],[72.69682,22.58205],[72.69075,22.59071],[72.67472,22.5864],[72.66793,22.57294],[72.66994,22.56318],[72.65995,22.55885],[72.66063,22.55346],[72.64904,22.54832],[72.64054,22.53579],[72.64164,22.52922],[72.66702,22.53019],[72.67141,22.50583],[72.66621,22.50358],[72.65227,22.5009],[72.64849,22.51033],[72.63579,22.50374],[72.61746,22.51314],[72.60479,22.50947],[72.59946,22.50066],[72.57703,22.50359],[72.57187,22.51206],[72.57311,22.52176],[72.56701,22.52046],[72.56738,22.54342],[72.55701,22.54251],[72.5575,22.55263],[72.55146,22.56086],[72.5538,22.56827],[72.53238,22.56995],[72.533,22.58789],[72.52524,22.588],[72.52549,22.59774],[72.51243,22.61329],[72.50513,22.61392],[72.50362,22.60563],[72.48793,22.59851],[72.46569,22.57739],[72.44103,22.56536],[72.42827,22.57342],[72.4222,22.56379],[72.43865,22.54056],[72.43881,22.50908],[72.42491,22.4892],[72.4082,22.47601],[72.40694,22.48168],[72.37577,22.47317],[72.37685,22.45229],[72.36387,22.45343],[72.35597,22.44033],[72.367,22.44117],[72.37338,22.44671],[72.36802,22.40712],[72.34156,22.38658],[72.34676,22.37811],[72.38043,22.37428],[72.40022,22.36207],[72.40037,22.35018],[72.3733,22.3158],[72.41945,22.29989],[72.42121,22.28018],[72.40569,22.26732],[72.40337,22.25722],[72.4081,22.22959],[72.42726,22.20951],[72.46094,22.25649],[72.48025,22.26673],[72.48122,22.27236],[72.50034,22.27774],[72.51666,22.30556],[72.51578,22.32107],[72.53715,22.30213],[72.55664,22.29531],[72.58033,22.30106],[72.64875,22.28481],[72.65907,22.27893],[72.67483,22.27695],[72.68203,22.28131],[72.68703,22.2718],[72.69774,22.27505],[72.70185,22.28074],[72.71579,22.27399],[72.73722,22.27532],[72.75082,22.25461],[72.75182,22.23686],[72.75582,22.23172],[72.84224,22.28211],[72.87201,22.28486],[72.8925,22.26718],[72.91068,22.26704],[72.91249,22.27328],[72.90682,22.28874],[72.90925,22.29802],[72.92819,22.31168],[72.94537,22.30426],[72.95176,22.26321],[72.96824,22.2627],[72.97457,22.254],[73.00928,22.2676],[73.03514,22.2957],[73.0538,22.30555],[73.06331,22.31721],[73.0468,22.36269],[73.05278,22.37328],[73.06801,22.38517],[73.07301,22.39696],[73.06506,22.42826],[73.0934,22.45544],[73.08769,22.49601],[73.09178,22.51016],[73.1357,22.52451],[73.15029,22.55197],[73.15624,22.58875],[73.19132,22.60313],[73.20112,22.61784],[73.21979,22.62295],[73.21234,22.65163],[73.20711,22.65195],[73.19454,22.6704],[73.20076,22.6694],[73.20171,22.68332],[73.18279,22.68702],[73.15796,22.68132],[73.14498,22.69827],[73.13952,22.71442],[73.1242,22.72253],[73.0969,22.71825],[73.09955,22.72553],[73.09597,22.72836],[73.06475,22.71749],[73.0518,22.71885],[73.04409,22.71335],[73.03588,22.723],[73.0384,22.72932],[73.02617,22.73469]]],[[[73.04251,22.71809],[73.04252,22.71811],[73.04251,22.71812],[73.04237,22.71817],[73.04222,22.71807],[73.0421,22.71784],[73.04251,22.71809]]]]}},{"type":"Feature","properties":{"district":"Aravalli","code":"AR","source_name":"Aravalli","dtcode11":"725"},"geometry":{"type":"MultiPolygon","coordinates":[[[[73.35857,23.90968],[73.34306,23.90017],[73.34219,23.88353],[73.32521,23.88875],[73.31264,23.88092],[73.30647,23.89025],[73.29139,23.8861],[73.28706,23.87192],[73.30527,23.85905],[73.29648,23.83883],[73.29245,23.83995],[73.28881,23.83282],[73.27753,23.8361],[73.26771,23.84795],[73.24973,23.85808],[73.24072,23.88768],[73.22273,23.88334],[73.22541,23.85623],[73.21207,23.83582],[73.20254,23.82362],[73.17738,23.82045],[73.16411,23.79969],[73.15938,23.78133],[73.14637,23.78255],[73.14024,23.77649],[73.13235,23.74456],[73.13406,23.73872],[73.14828,23.73526],[73.14149,23.72615],[73.12778,23.72495],[73.12607,23.70983],[73.11624,23.70596],[73.11175,23.69763],[73.12481,23.7074],[73.14603,23.69212],[73.14893,23.68806],[73.14307,23.67931],[73.15737,23.6755],[73.15434,23.66338],[73.15946,23.64993],[73.16789,23.6501],[73.17841,23.64376],[73.19821,23.64962],[73.19749,23.64379],[73.18608,23.63596],[73.18907,23.62625],[73.20025,23.62645],[73.20811,23.61552],[73.20386,23.59623],[73.20698,23.58955],[73.20171,23.5779],[73.19844,23.57974],[73.19303,23.57486],[73.1961,23.55432],[73.17915,23.55388],[73.1783,23.55039],[73.16134,23.54515],[73.16016,23.53783],[73.1659,23.52646],[73.17248,23.52257],[73.16866,23.52119],[73.1714,23.51678],[73.16786,23.50008],[73.1554,23.47581],[73.15022,23.48074],[73.13847,23.48155],[73.13052,23.47922],[73.12989,23.47248],[73.12031,23.46633],[73.12501,23.46311],[73.11699,23.45328],[73.12698,23.44144],[73.12306,23.4348],[73.12266,23.41658],[73.1407,23.42279],[73.14405,23.41412],[73.13732,23.41117],[73.13594,23.41471],[73.12484,23.41432],[73.13532,23.39585],[73.13103,23.37898],[73.11463,23.37122],[73.10544,23.37636],[73.09221,23.37558],[73.09291,23.3841],[73.07326,23.37283],[73.08742,23.36734],[73.0895,23.36274],[73.08589,23.3578],[73.09301,23.35753],[73.10294,23.34844],[73.09999,23.33513],[73.10332,23.32453],[73.09817,23.31818],[73.08639,23.31473],[73.07844,23.29281],[73.09051,23.2741],[73.06681,23.25785],[73.05422,23.26473],[73.05061,23.27142],[73.05588,23.2757],[73.05367,23.28516],[73.0271,23.27542],[73.01547,23.27778],[72.99994,23.27016],[72.98147,23.22236],[72.98479,23.20809],[72.98172,23.20232],[72.98626,23.20052],[72.97756,23.17828],[72.98446,23.17476],[72.97122,23.16346],[72.98042,23.15928],[73.01894,23.15978],[73.01979,23.16946],[73.02586,23.1651],[73.03225,23.1681],[73.03349,23.1622],[73.04387,23.16578],[73.06982,23.15956],[73.07518,23.16715],[73.08248,23.17066],[73.09246,23.16868],[73.12084,23.18699],[73.13391,23.20563],[73.15552,23.19285],[73.15809,23.17308],[73.15039,23.16756],[73.16034,23.14975],[73.17155,23.13913],[73.17078,23.13492],[73.1827,23.14126],[73.18099,23.14345],[73.18835,23.14634],[73.1887,23.14997],[73.19213,23.14486],[73.20184,23.14616],[73.20057,23.12567],[73.2054,23.11028],[73.22517,23.10544],[73.23102,23.08654],[73.23708,23.08634],[73.24113,23.07072],[73.27356,23.05834],[73.283,23.06352],[73.29894,23.08383],[73.30724,23.08579],[73.32606,23.08198],[73.33063,23.09862],[73.34216,23.10373],[73.33588,23.12244],[73.33772,23.13073],[73.35498,23.13871],[73.36435,23.13145],[73.3734,23.13848],[73.36905,23.1469],[73.37015,23.16542],[73.37445,23.17146],[73.3556,23.17678],[73.34984,23.18404],[73.34161,23.18198],[73.34671,23.18945],[73.34107,23.2005],[73.3508,23.20342],[73.35449,23.21079],[73.3842,23.22025],[73.37348,23.23669],[73.37766,23.2411],[73.41398,23.26613],[73.46061,23.28721],[73.4723,23.28881],[73.4741,23.26904],[73.48737,23.27606],[73.52488,23.28504],[73.53424,23.2919],[73.54025,23.3082],[73.55732,23.3174],[73.56399,23.34604],[73.58624,23.36502],[73.5939,23.3833],[73.61188,23.38907],[73.63024,23.41356],[73.63132,23.42319],[73.62248,23.42879],[73.62032,23.43669],[73.63434,23.4623],[73.64074,23.49633],[73.64963,23.49639],[73.65638,23.50738],[73.65053,23.51847],[73.63309,23.5286],[73.63313,23.55501],[73.63664,23.56453],[73.64969,23.56802],[73.64418,23.57218],[73.64763,23.57454],[73.64337,23.59429],[73.64487,23.60403],[73.65567,23.62121],[73.64068,23.62813],[73.6155,23.65204],[73.57267,23.65368],[73.5231,23.60682],[73.50348,23.61824],[73.50381,23.62435],[73.49378,23.63225],[73.50879,23.6443],[73.49662,23.64907],[73.5039,23.65663],[73.50741,23.70296],[73.49068,23.70682],[73.47354,23.70515],[73.47143,23.71965],[73.45676,23.73344],[73.44923,23.73473],[73.44776,23.75279],[73.42435,23.76155],[73.41642,23.77023],[73.4184,23.77617],[73.41291,23.77931],[73.40027,23.78497],[73.38625,23.77657],[73.38255,23.76796],[73.37029,23.76538],[73.37154,23.7704],[73.36335,23.78214],[73.35186,23.79131],[73.35775,23.7942],[73.36758,23.81316],[73.36813,23.82252],[73.3651,23.8241],[73.36857,23.8318],[73.36741,23.83989],[73.35386,23.85277],[73.36114,23.87262],[73.3688,23.87954],[73.37103,23.89105],[73.37773,23.89606],[73.37865,23.90444],[73.36531,23.90506],[73.36419,23.90931],[73.35857,23.90968]]]]}},{"type":"Feature","properties":{"district":"Banaskantha","code":"BK","source_name":"Banas Kantha","dtcode11":"469"},"geometry":{"type":"MultiPolygon","coordinates":[[[[71.53054,24.68329],[71.51353,24.6794],[71.5027,24.68275],[71.47781,24.67954],[71.46177,24.66632],[71.44774,24.66826],[71.42719,24.6555],[71.42259,24.6477],[71.3984,24.64065],[71.39118,24.63116],[71.38283,24.63356],[71.37738,24.62587],[71.35858,24.63089],[71.34782,24.66095],[71.3137,24.64798],[71.30391,24.63436],[71.3043,24.62835],[71.28784,24.61609],[71.28463,24.59375],[71.30664,24.58825],[71.30107,24.5747],[71.29913,24.57729],[71.29728,24.5642],[71.28605,24.55917],[71.28941,24.55569],[71.28073,24.55253],[71.2664,24.53417],[71.26024,24.53324],[71.25677,24.50801],[71.29238,24.51901],[71.34848,24.51748],[71.34533,24.49987],[71.33137,24.47923],[71.34233,24.47528],[71.33389,24.47004],[71.3444,24.46606],[71.34923,24.45745],[71.33765,24.45581],[71.33117,24.46072],[71.32052,24.44539],[71.33617,24.43029],[71.3438,24.43181],[71.34303,24.42528],[71.33774,24.42558],[71.32426,24.41346],[71.31894,24.40238],[71.32298,24.39409],[71.34737,24.3924],[71.34607,24.38665],[71.36612,24.39139],[71.36203,24.38395],[71.36721,24.37574],[71.37357,24.3784],[71.37247,24.37043],[71.38404,24.35059],[71.37589,24.35329],[71.37113,24.35068],[71.38197,24.34786],[71.37482,24.33376],[71.32554,24.32181],[71.31985,24.32354],[71.32119,24.31926],[71.3167,24.3169],[71.31417,24.32194],[71.31043,24.31167],[71.29461,24.30085],[71.3033,24.28186],[71.30099,24.27745],[71.30502,24.27129],[71.29991,24.27269],[71.29722,24.266],[71.30275,24.25961],[71.28928,24.25815],[71.28381,24.26569],[71.27704,24.26326],[71.27426,24.25763],[71.27713,24.25029],[71.2828,24.24994],[71.28542,24.24192],[71.28556,24.24848],[71.29179,24.24801],[71.28832,24.2385],[71.28585,24.2408],[71.27982,24.23642],[71.29053,24.22493],[71.30997,24.22196],[71.30024,24.2147],[71.30293,24.20734],[71.31756,24.19783],[71.32974,24.19556],[71.32561,24.19014],[71.32597,24.18202],[71.34836,24.18768],[71.36076,24.18559],[71.35639,24.18139],[71.36072,24.17725],[71.35839,24.17304],[71.3452,24.17389],[71.34357,24.17713],[71.34533,24.16844],[71.33756,24.16364],[71.33341,24.16673],[71.33062,24.16422],[71.32894,24.17182],[71.32496,24.16417],[71.30943,24.16604],[71.30214,24.15977],[71.28225,24.17387],[71.27279,24.17619],[71.25786,24.15947],[71.26782,24.15908],[71.28551,24.14957],[71.27182,24.14455],[71.2728,24.14126],[71.2822,24.13249],[71.29387,24.13306],[71.30176,24.12904],[71.30442,24.12505],[71.30202,24.12114],[71.325,24.11958],[71.32842,24.11637],[71.33173,24.11946],[71.33638,24.1052],[71.31612,24.09546],[71.31389,24.08196],[71.31754,24.07858],[71.31136,24.07475],[71.31569,24.07175],[71.30476,24.06182],[71.30831,24.05642],[71.3219,24.05215],[71.29163,24.01961],[71.28504,23.9915],[71.2954,23.98687],[71.30924,23.99319],[71.33542,23.97016],[71.36602,23.97045],[71.36554,23.96552],[71.37085,23.96508],[71.3742,23.95504],[71.38394,23.95376],[71.38847,23.9651],[71.39526,23.96566],[71.40586,23.94967],[71.40442,23.93987],[71.41614,23.9251],[71.42168,23.93483],[71.44465,23.94117],[71.44825,23.95993],[71.45449,23.96456],[71.44656,23.97078],[71.44978,23.98194],[71.44261,23.98091],[71.4459,23.98774],[71.46107,23.99895],[71.46404,24.01321],[71.47905,24.02516],[71.48419,24.02428],[71.49111,24.01468],[71.48755,23.97526],[71.49815,23.9696],[71.51685,23.98007],[71.54611,23.98179],[71.54715,23.99498],[71.55441,24.00086],[71.56572,23.99601],[71.56707,23.98344],[71.56054,23.9793],[71.59159,23.97638],[71.58695,23.96328],[71.59873,23.94442],[71.60522,23.94236],[71.61344,23.94393],[71.6219,23.95393],[71.64331,23.95727],[71.66508,23.97235],[71.68857,23.9707],[71.69395,23.96201],[71.69298,23.94728],[71.69779,23.93027],[71.7174,23.92756],[71.71294,23.88959],[71.7088,23.88205],[71.71439,23.87603],[71.71435,23.87004],[71.72765,23.8555],[71.74498,23.85034],[71.75089,23.84073],[71.76172,23.84152],[71.76654,23.82671],[71.779,23.84474],[71.81513,23.8551],[71.82788,23.84433],[71.86137,23.84686],[71.86739,23.86947],[71.88948,23.87829],[71.89704,23.87888],[71.90128,23.87319],[71.91176,23.88123],[71.92417,23.8844],[71.9369,23.88045],[71.95827,23.88871],[71.97776,23.88923],[71.97439,23.90548],[71.95871,23.91753],[71.95019,23.91703],[71.93815,23.92754],[71.92915,23.95223],[71.9478,23.9632],[71.94887,23.97304],[71.92879,23.97944],[71.92544,24.00919],[71.94915,24.00799],[71.96103,23.99096],[71.98312,23.99804],[71.99227,23.99363],[71.99274,23.98766],[71.99894,23.98341],[71.99685,23.97477],[72.00002,23.96708],[72.0066,23.96655],[72.00555,23.97404],[72.01294,23.98608],[72.02037,23.97789],[72.04,23.98032],[72.04834,23.98943],[72.05048,23.99939],[72.03492,24.00865],[72.03498,24.01391],[72.02741,24.01922],[72.02248,24.03925],[72.01291,24.0497],[72.01292,24.0686],[72.01891,24.07196],[72.0287,24.06726],[72.03176,24.05292],[72.04776,24.04594],[72.06073,24.03238],[72.07448,24.03934],[72.09023,24.04142],[72.09294,24.03311],[72.10113,24.03447],[72.09819,24.0428],[72.10126,24.05434],[72.11674,24.05005],[72.1326,24.05275],[72.13621,24.07005],[72.14795,24.07651],[72.15734,24.0944],[72.14709,24.10444],[72.15062,24.11782],[72.14815,24.12378],[72.14457,24.12719],[72.12399,24.12814],[72.11167,24.12328],[72.0929,24.12404],[72.0897,24.13849],[72.09389,24.14158],[72.11213,24.13578],[72.12002,24.14381],[72.12028,24.15263],[72.12914,24.15519],[72.14966,24.15229],[72.154,24.13501],[72.149,24.12946],[72.17693,24.11823],[72.18757,24.12216],[72.18527,24.13022],[72.19771,24.13693],[72.20365,24.14898],[72.21377,24.14572],[72.22353,24.13095],[72.20635,24.11397],[72.2258,24.07207],[72.2557,24.08128],[72.2584,24.07039],[72.27049,24.05543],[72.29316,24.05107],[72.29941,24.05312],[72.30929,24.03846],[72.33984,24.03766],[72.34503,24.02621],[72.34437,24.01388],[72.3515,24.00927],[72.36117,24.00985],[72.37024,23.97164],[72.38362,23.96814],[72.38616,23.97528],[72.41422,23.97242],[72.41948,23.97798],[72.42725,23.97635],[72.42981,23.9835],[72.4316,23.97748],[72.43805,23.97388],[72.43811,23.96701],[72.4513,23.97419],[72.47623,23.96605],[72.48123,23.93398],[72.48735,23.93185],[72.51071,23.93449],[72.52475,23.94399],[72.53467,23.93497],[72.5455,23.94029],[72.56028,23.9383],[72.56595,23.93343],[72.58437,23.93591],[72.59072,23.95271],[72.5863,23.9543],[72.58574,23.96224],[72.58989,23.96575],[72.58734,23.9721],[72.59093,23.97728],[72.60014,23.97981],[72.60181,23.98456],[72.61872,23.98551],[72.62908,23.99362],[72.64617,23.98935],[72.65074,23.99387],[72.64847,24.0268],[72.63991,24.02379],[72.63684,24.04217],[72.63068,24.04768],[72.62527,24.04599],[72.62003,24.05377],[72.63567,24.06431],[72.6371,24.07588],[72.64405,24.07518],[72.65225,24.08366],[72.67002,24.07116],[72.68587,24.07298],[72.70469,24.08397],[72.71305,24.09908],[72.72998,24.09401],[72.7348,24.08662],[72.73469,24.07641],[72.75896,24.08004],[72.76827,24.08973],[72.77013,24.09921],[72.78276,24.10194],[72.79366,24.08055],[72.82042,24.04756],[72.8391,24.03976],[72.85628,24.04543],[72.86038,24.02951],[72.86667,24.02463],[72.88293,24.02795],[72.89872,24.0254],[72.92317,24.04058],[72.92229,24.05915],[72.93076,24.0715],[72.92751,24.08841],[72.9464,24.10899],[72.94056,24.12065],[72.94294,24.13522],[72.95294,24.1385],[72.95666,24.15891],[72.99181,24.18392],[72.99163,24.22337],[73.01392,24.23469],[73.02803,24.27364],[73.02263,24.28156],[73.01348,24.27839],[73.00146,24.28896],[72.99675,24.30792],[72.97435,24.30715],[72.96714,24.31314],[72.96204,24.32162],[72.96656,24.34861],[72.95948,24.36087],[72.93718,24.34793],[72.91922,24.34427],[72.91074,24.33712],[72.89116,24.35688],[72.85359,24.37137],[72.81479,24.37013],[72.80584,24.36284],[72.77143,24.36813],[72.73262,24.3635],[72.72504,24.36711],[72.68915,24.41163],[72.67978,24.44283],[72.68751,24.4525],[72.68337,24.46378],[72.65633,24.46212],[72.57595,24.47875],[72.53896,24.51951],[72.53351,24.5037],[72.52007,24.50029],[72.51448,24.48385],[72.50479,24.4715],[72.50443,24.45826],[72.49319,24.45898],[72.50035,24.41694],[72.45725,24.41469],[72.45843,24.42476],[72.45147,24.442],[72.43379,24.46],[72.43023,24.48007],[72.44295,24.50388],[72.44145,24.51496],[72.42424,24.51646],[72.41634,24.52106],[72.38862,24.50762],[72.3797,24.51229],[72.36815,24.53732],[72.37014,24.54363],[72.35839,24.55085],[72.35374,24.56365],[72.34144,24.56302],[72.33095,24.5692],[72.32688,24.55792],[72.329,24.5523],[72.29482,24.54669],[72.28932,24.54794],[72.28572,24.56514],[72.27508,24.56526],[72.26483,24.56017],[72.24641,24.58549],[72.26431,24.59995],[72.26436,24.60437],[72.27605,24.60734],[72.29002,24.6036],[72.2974,24.60886],[72.30326,24.60559],[72.30779,24.59578],[72.31366,24.59384],[72.33609,24.59861],[72.34447,24.61074],[72.34346,24.62163],[72.34738,24.62841],[72.33545,24.63319],[72.32021,24.61768],[72.30498,24.61744],[72.29714,24.62469],[72.2892,24.61943],[72.27367,24.62826],[72.27083,24.63747],[72.25468,24.62478],[72.23036,24.6405],[72.21668,24.62679],[72.19474,24.62292],[72.19658,24.61462],[72.19202,24.61994],[72.16482,24.62118],[72.16034,24.63515],[72.15027,24.64355],[72.12456,24.6385],[72.11497,24.64832],[72.10877,24.64654],[72.08983,24.65858],[72.08615,24.67747],[72.09276,24.68183],[72.08469,24.70692],[72.05832,24.71243],[72.01249,24.69047],[72.00143,24.68831],[72.00111,24.69476],[71.99384,24.69494],[71.9838,24.68578],[71.98278,24.67243],[71.98824,24.65741],[71.97736,24.65677],[71.96426,24.64571],[71.9462,24.64097],[71.93988,24.63369],[71.92551,24.63592],[71.91545,24.64939],[71.91166,24.65844],[71.92033,24.66404],[71.91862,24.672],[71.90751,24.67744],[71.88824,24.67202],[71.88504,24.67743],[71.87176,24.68165],[71.85777,24.6664],[71.85761,24.65109],[71.86536,24.63056],[71.85563,24.62195],[71.85218,24.60924],[71.83784,24.62118],[71.81605,24.6202],[71.80591,24.62663],[71.80254,24.631],[71.81039,24.65594],[71.80297,24.67153],[71.79154,24.67722],[71.7727,24.67575],[71.76244,24.6685],[71.73649,24.66024],[71.70788,24.66166],[71.65538,24.63907],[71.64393,24.6438],[71.63876,24.65941],[71.62961,24.66039],[71.62428,24.66973],[71.61956,24.66743],[71.60787,24.67696],[71.59036,24.66732],[71.5734,24.68393],[71.54188,24.67607],[71.53054,24.68329]]]]}},{"type":"Feature","properties":{"district":"Bharuch","code":"BR","source_name":"Bharuch","dtcode11":"488"},"geometry":{"type":"MultiPolygon","coordinates":[[[[72.85061,22.23014],[72.8443,22.23442],[72.83728,22.23359],[72.80909,22.22359],[72.77744,22.19825],[72.75817,22.17422],[72.75245,22.17327],[72.71688,22.18398],[72.70237,22.18398],[72.64823,22.21562],[72.62099,22.21681],[72.60517,22.21301],[72.58042,22.19742],[72.56674,22.18219],[72.54373,22.12909],[72.54433,22.10684],[72.53719,22.09721],[72.52279,22.04129],[72.51684,21.99953],[72.52184,21.99239],[72.50899,21.94421],[72.50935,21.91422],[72.51506,21.88531],[72.52184,21.88032],[72.54468,21.87889],[72.56967,21.88353],[72.58299,21.89038],[72.58537,21.89745],[72.58249,21.9184],[72.59465,21.93136],[72.63784,21.96062],[72.65604,21.96169],[72.66696,21.95551],[72.64284,21.94171],[72.63177,21.91637],[72.6185,21.82544],[72.62223,21.80949],[72.59553,21.80403],[72.59417,21.79997],[72.59936,21.79818],[72.59967,21.79216],[72.61006,21.78904],[72.602,21.78967],[72.6014,21.7803],[72.59479,21.77629],[72.57817,21.77446],[72.58497,21.77263],[72.57935,21.76421],[72.58698,21.76357],[72.58628,21.75661],[72.59706,21.74956],[72.57937,21.74014],[72.54288,21.73356],[72.53223,21.70955],[72.52779,21.67816],[72.55273,21.66159],[72.59284,21.6761],[72.62375,21.68201],[72.65897,21.68],[72.66628,21.68641],[72.69294,21.67835],[72.70036,21.68314],[72.72761,21.68597],[72.75317,21.67894],[72.76636,21.66836],[72.80725,21.65781],[72.80723,21.65104],[72.78642,21.6426],[72.75444,21.64603],[72.73103,21.63732],[72.70005,21.64546],[72.67492,21.62732],[72.65893,21.62661],[72.65079,21.61719],[72.63509,21.61819],[72.63238,21.61533],[72.62552,21.5932],[72.62053,21.59406],[72.61068,21.58135],[72.61667,21.56836],[72.61396,21.55851],[72.61753,21.55094],[72.63541,21.53531],[72.65199,21.53818],[72.65878,21.54903],[72.66451,21.53953],[72.68456,21.54421],[72.68682,21.53878],[72.69752,21.5335],[72.73657,21.53878],[72.73319,21.53458],[72.70575,21.52687],[72.65103,21.4534],[72.66054,21.44983],[72.68047,21.45221],[72.69386,21.46708],[72.71593,21.46655],[72.73535,21.47469],[72.74384,21.46679],[72.75047,21.4668],[72.75209,21.45461],[72.7612,21.44859],[72.76646,21.44874],[72.77325,21.45628],[72.78698,21.45815],[72.78839,21.44623],[72.78316,21.42838],[72.7875,21.42154],[72.80607,21.42551],[72.81356,21.42206],[72.82321,21.42605],[72.82631,21.43648],[72.83334,21.44006],[72.83712,21.44852],[72.85081,21.4534],[72.8679,21.44401],[72.87107,21.45595],[72.87786,21.44632],[72.87025,21.44122],[72.8681,21.43344],[72.87101,21.43626],[72.87523,21.43401],[72.88758,21.44483],[72.89375,21.4333],[72.90682,21.42993],[72.92161,21.4526],[72.92338,21.46928],[72.93832,21.47348],[72.9529,21.48387],[72.94283,21.50183],[72.94134,21.51237],[72.95718,21.5189],[72.98384,21.52274],[72.98637,21.54129],[72.99585,21.54175],[73.00791,21.52391],[73.01619,21.52545],[73.02071,21.52115],[73.0166,21.49876],[73.02074,21.49118],[73.0236,21.49269],[73.02619,21.48264],[73.03677,21.48471],[73.04222,21.477],[73.04329,21.48157],[73.05478,21.48406],[73.05625,21.50277],[73.03911,21.52433],[73.03662,21.53331],[73.04849,21.54205],[73.04693,21.56335],[73.05511,21.56917],[73.06817,21.56366],[73.07555,21.55164],[73.07936,21.53587],[73.07785,21.5053],[73.10345,21.50789],[73.10518,21.50452],[73.10128,21.50002],[73.11575,21.49801],[73.11945,21.48364],[73.13368,21.48883],[73.13323,21.49477],[73.1421,21.4943],[73.14142,21.49808],[73.17164,21.49524],[73.18875,21.5067],[73.21569,21.50473],[73.23417,21.49385],[73.25029,21.49386],[73.25761,21.49784],[73.2566,21.50374],[73.26282,21.50355],[73.27267,21.51078],[73.28684,21.50653],[73.30935,21.5078],[73.30652,21.50166],[73.32444,21.48538],[73.3399,21.50208],[73.34767,21.51703],[73.34607,21.52202],[73.36737,21.5172],[73.37699,21.51929],[73.39907,21.50874],[73.4124,21.51126],[73.41591,21.52077],[73.45285,21.52787],[73.44165,21.53845],[73.44102,21.55468],[73.45028,21.57529],[73.45799,21.57799],[73.47353,21.59372],[73.47081,21.60893],[73.48228,21.6108],[73.47843,21.63178],[73.4858,21.63882],[73.47702,21.64728],[73.47365,21.658],[73.48707,21.67771],[73.49994,21.68079],[73.48763,21.69346],[73.48772,21.70391],[73.4781,21.70394],[73.46916,21.72082],[73.45327,21.71916],[73.44727,21.71166],[73.43973,21.70935],[73.43161,21.71782],[73.40702,21.70919],[73.403,21.71798],[73.39553,21.71699],[73.3933,21.72197],[73.40404,21.7298],[73.40976,21.74963],[73.39436,21.76018],[73.39547,21.77573],[73.38265,21.78119],[73.37423,21.78033],[73.36699,21.79918],[73.36021,21.8024],[73.35592,21.81026],[73.34764,21.81429],[73.33603,21.81026],[73.33241,21.81593],[73.33688,21.8174],[73.33491,21.83129],[73.32922,21.83462],[73.31496,21.83006],[73.31637,21.82674],[73.30861,21.8222],[73.29939,21.8274],[73.30172,21.83276],[73.29698,21.83617],[73.30303,21.84138],[73.30247,21.85004],[73.30856,21.85132],[73.3017,21.86167],[73.29989,21.87427],[73.30388,21.88742],[73.27891,21.90499],[73.27748,21.91375],[73.25692,21.93547],[73.2424,21.93389],[73.22205,21.91583],[73.2242,21.89432],[73.2477,21.86668],[73.24903,21.85954],[73.24256,21.84085],[73.22218,21.82579],[73.20962,21.8222],[73.20155,21.8223],[73.18401,21.83126],[73.15424,21.86],[73.13197,21.86608],[73.12541,21.87753],[73.10462,21.87705],[73.09124,21.87215],[73.08595,21.8806],[73.07186,21.87699],[73.05929,21.88221],[73.06272,21.91166],[73.08715,21.91772],[73.09159,21.92121],[73.09048,21.92954],[73.07523,21.93033],[73.06693,21.92377],[73.05324,21.92215],[73.04742,21.93531],[73.04211,21.93363],[73.04324,21.92831],[73.03788,21.9267],[73.03562,21.9197],[73.01824,21.9186],[73.00005,21.91074],[72.99392,21.92697],[73.00219,21.93565],[73.016,21.94191],[73.04229,21.93708],[73.04801,21.93941],[73.05228,21.94874],[73.04891,21.97606],[73.06805,21.98393],[73.06239,21.99991],[73.06329,22.01652],[73.05041,22.01227],[73.04805,22.00327],[73.04365,22.00452],[73.02604,21.9955],[73.00906,22.01707],[72.99791,22.01892],[72.98932,22.02761],[72.98467,22.04783],[72.9793,22.05249],[72.96053,22.04619],[72.95376,22.0527],[72.9405,22.05363],[72.93994,22.04581],[72.93175,22.0417],[72.92651,22.04944],[72.9136,22.04702],[72.92227,22.06044],[72.91579,22.06645],[72.9049,22.06797],[72.89781,22.09483],[72.88469,22.09317],[72.87193,22.11234],[72.87203,22.11592],[72.87991,22.11892],[72.87469,22.12668],[72.87369,22.13919],[72.86393,22.14076],[72.86296,22.15509],[72.88229,22.16583],[72.88582,22.17197],[72.89041,22.16007],[72.90717,22.16472],[72.91259,22.16283],[72.91441,22.16777],[72.92683,22.16902],[72.92685,22.18599],[72.92222,22.19251],[72.91512,22.19232],[72.8984,22.1872],[72.89462,22.1788],[72.88325,22.17498],[72.87686,22.1813],[72.87715,22.20577],[72.86887,22.20942],[72.865,22.22145],[72.85644,22.22359],[72.85061,22.23014]]]]}},{"type":"Feature","properties":{"district":"Bhavnagar","code":"BV","source_name":"Bhavnagar","dtcode11":"481"},"geometry":{"type":"MultiPolygon","coordinates":[[[[71.8047,21.03964],[71.80288,21.04849],[71.79303,21.04764],[71.78607,21.05504],[71.79617,21.04823],[71.79931,21.05757],[71.81188,21.06786],[71.83721,21.07458],[71.82194,21.08053],[71.819,21.08952],[71.82544,21.08682],[71.82329,21.09676],[71.83673,21.09589],[71.83809,21.0902],[71.8423,21.08907],[71.84743,21.09311],[71.84288,21.09606],[71.85651,21.09686],[71.85118,21.08863],[71.8492,21.09311],[71.849,21.08805],[71.8426,21.08688],[71.83916,21.07969],[71.84901,21.07731],[71.86094,21.08809],[71.87889,21.09003],[71.89356,21.10727],[71.89173,21.11151],[71.89652,21.11163],[71.89463,21.10894],[71.92529,21.11212],[71.93064,21.11847],[71.92863,21.11571],[71.93991,21.11469],[71.9409,21.12126],[71.97441,21.12282],[71.97134,21.12886],[71.99077,21.14234],[71.9834,21.14609],[71.98366,21.15054],[71.97864,21.15014],[71.97858,21.1569],[71.98147,21.15347],[71.99344,21.15903],[71.99625,21.17207],[71.99979,21.16868],[72.00031,21.17567],[72.00948,21.18609],[72.01162,21.18217],[72.01536,21.18562],[72.01782,21.17902],[72.02093,21.18298],[72.02724,21.18192],[72.02642,21.17891],[72.0208,21.17694],[72.01408,21.16435],[72.00688,21.16159],[72.00832,21.1556],[72.00057,21.15145],[71.99581,21.14071],[71.98893,21.13976],[72.00379,21.14001],[72.00968,21.13458],[72.0081,21.1459],[72.01716,21.15362],[72.04499,21.16353],[72.08773,21.19177],[72.11239,21.19874],[72.10954,21.2099],[72.09053,21.22772],[72.08273,21.24502],[72.09761,21.26343],[72.09845,21.27925],[72.10373,21.28064],[72.11153,21.29283],[72.1079,21.30236],[72.13252,21.33898],[72.16771,21.37609],[72.17174,21.3873],[72.21067,21.42092],[72.23541,21.4559],[72.25313,21.49799],[72.25731,21.49665],[72.26895,21.52269],[72.27748,21.56829],[72.27879,21.56276],[72.28187,21.57491],[72.30473,21.60969],[72.30863,21.62507],[72.30944,21.63896],[72.29833,21.65945],[72.30621,21.66417],[72.3048,21.66703],[72.3017,21.66383],[72.29774,21.66712],[72.29629,21.66269],[72.2911,21.67914],[72.2801,21.69475],[72.25523,21.69347],[72.25376,21.68645],[72.23531,21.69667],[72.22569,21.6946],[72.23157,21.70689],[72.21995,21.72962],[72.21877,21.73633],[72.22329,21.73794],[72.19419,21.75],[72.19665,21.75412],[72.19249,21.75575],[72.17718,21.80363],[72.16228,21.80735],[72.19186,21.82665],[72.20288,21.81894],[72.2049,21.8237],[72.21037,21.81884],[72.2201,21.81953],[72.23553,21.81193],[72.24151,21.82367],[72.24251,21.82975],[72.20425,21.89096],[72.20309,21.91273],[72.2086,21.94249],[72.20684,21.95136],[72.21172,21.96195],[72.24177,21.97566],[72.24433,21.99439],[72.227,22.00468],[72.22747,21.99592],[72.23224,21.99046],[72.21841,21.9815],[72.17539,21.99063],[72.15095,22.01546],[72.12336,22.05714],[72.08033,22.05518],[72.06137,22.08436],[72.05752,22.09532],[72.06012,22.10321],[72.05632,22.10201],[72.03216,22.12109],[72.02087,22.10439],[71.96328,22.11627],[71.92107,22.1302],[71.91588,22.1085],[71.90459,22.10368],[71.89326,22.10498],[71.8919,22.08523],[71.87362,22.08125],[71.86993,22.06968],[71.86244,22.06259],[71.86339,22.05761],[71.84022,22.06015],[71.83977,22.06654],[71.82934,22.05778],[71.83127,22.05313],[71.85487,22.05445],[71.8671,22.04534],[71.86803,22.03663],[71.87224,22.03543],[71.87824,22.02385],[71.87348,22.02322],[71.8676,22.00945],[71.82975,22.01415],[71.82972,22.01789],[71.80507,22.02216],[71.79389,22.02175],[71.7933,22.00929],[71.78899,22.0076],[71.77691,22.01161],[71.76049,22.00627],[71.75608,22.01293],[71.735,22.01037],[71.73567,21.99812],[71.72392,21.99431],[71.71132,21.98047],[71.71344,21.97276],[71.70026,21.95247],[71.69425,21.95108],[71.69109,21.94334],[71.67602,21.9437],[71.67542,21.93091],[71.69052,21.90932],[71.69016,21.90176],[71.68159,21.89243],[71.6839,21.87027],[71.66361,21.86561],[71.66451,21.84633],[71.64842,21.84056],[71.64117,21.83336],[71.61715,21.83366],[71.61751,21.81879],[71.60175,21.81226],[71.59963,21.80075],[71.59914,21.78108],[71.63505,21.77519],[71.6303,21.76064],[71.63252,21.75247],[71.62009,21.75207],[71.61865,21.7472],[71.612,21.74472],[71.61715,21.73092],[71.63103,21.72888],[71.63377,21.72484],[71.63916,21.70295],[71.62201,21.70206],[71.61401,21.69091],[71.59556,21.69568],[71.58828,21.68751],[71.59227,21.66094],[71.58973,21.65888],[71.60227,21.65907],[71.61738,21.64588],[71.62149,21.64775],[71.62285,21.6324],[71.58885,21.62811],[71.58401,21.63534],[71.55719,21.62771],[71.55116,21.61756],[71.55207,21.59598],[71.55828,21.58329],[71.54837,21.5694],[71.54585,21.55884],[71.521,21.5489],[71.50902,21.55013],[71.50176,21.54506],[71.48966,21.51913],[71.48731,21.49408],[71.47799,21.48137],[71.49199,21.46119],[71.52471,21.46217],[71.53322,21.44316],[71.57064,21.44598],[71.61474,21.44099],[71.61165,21.4042],[71.61441,21.40453],[71.61641,21.38904],[71.63007,21.38859],[71.62669,21.37036],[71.62993,21.36813],[71.62673,21.34581],[71.62943,21.3371],[71.62387,21.33019],[71.62541,21.32736],[71.59416,21.31329],[71.58694,21.31488],[71.57312,21.30308],[71.56964,21.28925],[71.56548,21.28649],[71.55501,21.28431],[71.54707,21.2891],[71.53216,21.28971],[71.52876,21.2762],[71.53303,21.26379],[71.52313,21.25001],[71.52765,21.22793],[71.5177,21.21745],[71.52617,21.19293],[71.52233,21.18772],[71.52561,21.1857],[71.51671,21.179],[71.5171,21.17289],[71.53246,21.17433],[71.53526,21.17118],[71.5409,21.17654],[71.54593,21.17575],[71.55606,21.16424],[71.55476,21.15904],[71.57057,21.15666],[71.5777,21.14747],[71.58177,21.14855],[71.58154,21.14499],[71.59032,21.14528],[71.59396,21.13499],[71.60613,21.13122],[71.60692,21.12279],[71.61262,21.12056],[71.6159,21.11207],[71.6233,21.11191],[71.62561,21.09446],[71.63103,21.08745],[71.62661,21.06987],[71.62108,21.06909],[71.61983,21.07283],[71.60825,21.06933],[71.61019,21.0547],[71.62539,21.06181],[71.63764,21.05866],[71.63938,21.04517],[71.63642,21.04019],[71.64052,21.02864],[71.66596,21.03135],[71.66417,21.02799],[71.67738,20.99619],[71.68484,21.00605],[71.71227,21.01944],[71.72357,21.02165],[71.73036,21.01882],[71.73586,21.02226],[71.73935,21.01773],[71.75283,21.02277],[71.76221,21.02158],[71.7644,21.02666],[71.78227,21.03172],[71.77344,21.03733],[71.74442,21.0319],[71.75345,21.04239],[71.74655,21.04604],[71.75771,21.0449],[71.75635,21.05065],[71.7521,21.0514],[71.75219,21.05946],[71.75949,21.0591],[71.75827,21.05539],[71.76084,21.05864],[71.76558,21.05072],[71.77209,21.05547],[71.77597,21.03836],[71.78638,21.04356],[71.79156,21.04096],[71.79092,21.03648],[71.8047,21.03964]],[[71.64851,21.11631],[71.65301,21.11265],[71.6538,21.09803],[71.64938,21.10289],[71.64736,21.09926],[71.65058,21.09537],[71.64335,21.09408],[71.64473,21.0905],[71.63895,21.08835],[71.63445,21.09446],[71.64375,21.09813],[71.64094,21.1014],[71.63505,21.09954],[71.63454,21.10371],[71.64166,21.1044],[71.64034,21.11046],[71.64439,21.10933],[71.64851,21.11631]]],[[[72.35694,21.7975],[72.3771,21.80602],[72.38934,21.81913],[72.39077,21.85496],[72.40014,21.88406],[72.41259,21.90329],[72.43792,21.92754],[72.44456,21.9627],[72.43762,21.98811],[72.4237,22.00628],[72.39856,22.02391],[72.37494,22.02881],[72.35568,22.02839],[72.32911,22.01325],[72.30032,21.98481],[72.29253,21.96748],[72.29982,21.88273],[72.31081,21.84098],[72.32656,21.81398],[72.34692,21.79989],[72.35694,21.7975]]]]}},{"type":"Feature","properties":{"district":"Botad","code":"BT","source_name":"Botad","dtcode11":"726"},"geometry":{"type":"MultiPolygon","coordinates":[[[[71.65027,22.40212],[71.63574,22.38041],[71.62638,22.38284],[71.62623,22.35432],[71.6299,22.34388],[71.60181,22.33979],[71.60156,22.35124],[71.59217,22.35448],[71.59229,22.34738],[71.5825,22.34726],[71.5828,22.34135],[71.58866,22.33977],[71.58859,22.33312],[71.57889,22.31997],[71.56916,22.32248],[71.56511,22.3419],[71.53217,22.34372],[71.49545,22.30388],[71.4459,22.28926],[71.44685,22.27534],[71.438,22.26149],[71.45121,22.25229],[71.46026,22.2564],[71.46366,22.24645],[71.46122,22.23091],[71.4345,22.21965],[71.43659,22.20924],[71.43306,22.20859],[71.43504,22.20571],[71.44899,22.21045],[71.45005,22.20355],[71.47154,22.19406],[71.47771,22.18547],[71.48548,22.18676],[71.48475,22.16838],[71.47597,22.13913],[71.49408,22.13534],[71.50923,22.11173],[71.50011,22.10316],[71.50197,22.07882],[71.4979,22.06729],[71.50052,22.05399],[71.48812,22.05515],[71.48873,22.04629],[71.47303,22.03731],[71.46104,22.03626],[71.4582,22.02017],[71.46645,22.00646],[71.46263,22.00203],[71.42622,21.99655],[71.42323,21.99034],[71.39263,21.98049],[71.39076,21.97064],[71.39845,21.95442],[71.40517,21.94893],[71.41885,21.94478],[71.44802,21.95139],[71.45018,21.94244],[71.45928,21.93976],[71.46164,21.93143],[71.46712,21.92807],[71.45985,21.90938],[71.46052,21.89629],[71.45383,21.89864],[71.44803,21.90769],[71.43409,21.90595],[71.42474,21.9113],[71.41779,21.90416],[71.42295,21.88663],[71.41707,21.88672],[71.41636,21.88273],[71.41804,21.87592],[71.42458,21.87861],[71.42198,21.87924],[71.42388,21.88565],[71.42578,21.87788],[71.43823,21.87631],[71.44006,21.87116],[71.4487,21.87509],[71.44951,21.87066],[71.45357,21.87073],[71.4478,21.85167],[71.45946,21.84558],[71.45555,21.82615],[71.47036,21.79995],[71.48929,21.80548],[71.49959,21.8032],[71.51042,21.79325],[71.51053,21.7865],[71.51629,21.77967],[71.53981,21.77427],[71.55452,21.7472],[71.56633,21.74082],[71.57508,21.74175],[71.57602,21.73787],[71.58639,21.73917],[71.59714,21.73206],[71.6019,21.72669],[71.59742,21.72035],[71.59893,21.71273],[71.59544,21.7065],[71.58966,21.70634],[71.59257,21.69708],[71.60759,21.69082],[71.61587,21.69146],[71.62201,21.70206],[71.63916,21.70295],[71.63929,21.7074],[71.63103,21.72888],[71.61715,21.73092],[71.612,21.74472],[71.61865,21.7472],[71.62009,21.75207],[71.63252,21.75247],[71.6303,21.76064],[71.63505,21.77519],[71.59888,21.78132],[71.60175,21.81226],[71.61751,21.81879],[71.61715,21.83366],[71.64117,21.83336],[71.64842,21.84056],[71.66451,21.84633],[71.66361,21.86561],[71.6839,21.87027],[71.68159,21.89243],[71.69016,21.90176],[71.69052,21.90932],[71.67542,21.93091],[71.67602,21.9437],[71.69109,21.94334],[71.69425,21.95108],[71.70026,21.95247],[71.71344,21.97276],[71.71132,21.98047],[71.72392,21.99431],[71.73567,21.99812],[71.735,22.01037],[71.75608,22.01293],[71.76049,22.00627],[71.77691,22.01161],[71.78899,22.0076],[71.7933,22.00929],[71.79389,22.02175],[71.80507,22.02216],[71.82972,22.01789],[71.82975,22.01415],[71.8676,22.00945],[71.87348,22.02322],[71.87824,22.02385],[71.87224,22.03543],[71.86803,22.03663],[71.8671,22.04534],[71.85487,22.05445],[71.83127,22.05313],[71.82934,22.05778],[71.83977,22.06654],[71.84022,22.06015],[71.86339,22.05761],[71.86244,22.06259],[71.86993,22.06968],[71.87362,22.08125],[71.8919,22.08523],[71.89326,22.10498],[71.90459,22.10368],[71.91588,22.1085],[71.92107,22.1302],[71.96328,22.11627],[72.02087,22.10439],[72.03216,22.12109],[72.05632,22.10201],[72.08374,22.09659],[72.1145,22.10125],[72.14842,22.11547],[72.15321,22.13307],[72.16958,22.14727],[72.12941,22.15528],[72.12436,22.15049],[72.11739,22.15194],[72.11156,22.16971],[72.13017,22.17656],[72.13169,22.19883],[72.10288,22.21574],[72.087,22.21772],[72.09119,22.22162],[72.08568,22.22892],[72.07959,22.22597],[72.07224,22.22898],[72.05904,22.24803],[72.01395,22.24131],[71.99668,22.25062],[71.9434,22.25285],[71.93835,22.25448],[71.93416,22.27101],[71.92717,22.27115],[71.90834,22.25512],[71.90429,22.25892],[71.88797,22.25316],[71.88036,22.2538],[71.87867,22.26182],[71.87079,22.26619],[71.86533,22.25758],[71.85905,22.25741],[71.83554,22.26641],[71.85586,22.29665],[71.85922,22.3076],[71.85772,22.31663],[71.8476,22.31482],[71.84871,22.31877],[71.84061,22.3217],[71.84138,22.32435],[71.88352,22.32804],[71.89303,22.33455],[71.89907,22.34552],[71.89214,22.34553],[71.88995,22.35969],[71.8852,22.36008],[71.88412,22.36679],[71.87644,22.36348],[71.86025,22.37126],[71.85182,22.36788],[71.84617,22.35814],[71.83176,22.36067],[71.83697,22.39629],[71.7996,22.39246],[71.79636,22.39612],[71.78918,22.38905],[71.79304,22.3637],[71.75478,22.36105],[71.74133,22.36362],[71.73552,22.38239],[71.72092,22.38218],[71.71153,22.39916],[71.67403,22.38435],[71.65027,22.40212]]]]}},{"type":"Feature","properties":{"district":"Chhota Udaipur","code":"CU","source_name":"Chota Udaipur","dtcode11":"731"},"geometry":{"type":"MultiPolygon","coordinates":[[[[74.01825,22.57374],[74.01533,22.55935],[73.99362,22.55589],[73.96507,22.53596],[73.93629,22.53837],[73.92624,22.53006],[73.92453,22.52043],[73.90842,22.50911],[73.89062,22.50837],[73.88038,22.50284],[73.84906,22.51278],[73.83876,22.53322],[73.80974,22.54876],[73.75558,22.54718],[73.7483,22.53852],[73.74109,22.53659],[73.7288,22.51537],[73.73241,22.49182],[73.72532,22.47686],[73.72291,22.46006],[73.7264,22.45398],[73.73654,22.45484],[73.7347,22.44702],[73.74076,22.43857],[73.72969,22.41423],[73.73927,22.39517],[73.73511,22.38846],[73.76957,22.38908],[73.76993,22.38344],[73.7647,22.37099],[73.75747,22.36611],[73.74955,22.34382],[73.74748,22.34682],[73.72586,22.33738],[73.7296,22.33134],[73.7235,22.31609],[73.73161,22.30392],[73.72732,22.29627],[73.73088,22.28799],[73.72609,22.29274],[73.72335,22.28873],[73.71674,22.28994],[73.71366,22.30311],[73.69896,22.29969],[73.69726,22.28645],[73.65356,22.28813],[73.65051,22.29599],[73.63449,22.30261],[73.62894,22.31275],[73.64569,22.31504],[73.65528,22.3365],[73.69409,22.33917],[73.68928,22.34609],[73.70368,22.34864],[73.70519,22.35844],[73.6824,22.37452],[73.64388,22.38702],[73.62987,22.38966],[73.63359,22.3781],[73.61645,22.36073],[73.61858,22.35264],[73.61265,22.34742],[73.61239,22.33813],[73.62566,22.3378],[73.62929,22.3312],[73.62088,22.32604],[73.54422,22.3311],[73.54739,22.31439],[73.54157,22.29758],[73.54919,22.28807],[73.53967,22.28671],[73.54016,22.279],[73.54423,22.27856],[73.54534,22.27308],[73.52463,22.26135],[73.52117,22.24806],[73.50841,22.24896],[73.49813,22.23554],[73.49165,22.23584],[73.49169,22.22451],[73.4809,22.21893],[73.48651,22.20765],[73.50165,22.20419],[73.50532,22.19937],[73.504,22.18893],[73.49544,22.1775],[73.49639,22.16682],[73.50447,22.15248],[73.50844,22.15224],[73.50607,22.14466],[73.51897,22.14472],[73.50702,22.13427],[73.50671,22.1225],[73.50099,22.11234],[73.48206,22.10575],[73.47726,22.09943],[73.47619,22.0867],[73.48658,22.07047],[73.48919,22.07804],[73.50169,22.07845],[73.5142,22.09206],[73.54039,22.09124],[73.53246,22.07138],[73.54242,22.06661],[73.54223,22.06173],[73.52918,22.06189],[73.53094,22.05057],[73.5449,22.04748],[73.56321,22.05447],[73.5629,22.06142],[73.57236,22.05244],[73.57619,22.05356],[73.58237,22.06482],[73.60292,22.07102],[73.60914,22.08201],[73.61461,22.07899],[73.6148,22.0702],[73.62504,22.07268],[73.63086,22.07945],[73.63039,22.06681],[73.64851,22.07197],[73.65213,22.06032],[73.65733,22.06193],[73.66058,22.04302],[73.6657,22.04327],[73.67756,22.05373],[73.68456,22.05114],[73.68362,22.04309],[73.67606,22.04306],[73.67001,22.01473],[73.67814,22.00948],[73.67977,22.00097],[73.68279,22.00961],[73.69016,22.01135],[73.68887,21.98718],[73.69612,21.98821],[73.69328,21.99282],[73.69883,21.99334],[73.70089,22.00583],[73.70809,22.00963],[73.70717,21.99409],[73.70274,21.99257],[73.70463,21.97677],[73.71526,21.98149],[73.72896,21.98145],[73.73734,21.97698],[73.74828,21.96246],[73.77078,21.9676],[73.77359,21.9614],[73.78108,21.95984],[73.77751,21.95263],[73.77877,21.93988],[73.79007,21.93111],[73.79562,21.9351],[73.79926,21.94833],[73.80824,21.9401],[73.80094,21.9378],[73.80055,21.92931],[73.80391,21.92938],[73.85502,21.95254],[73.86049,21.94349],[73.8599,21.93467],[73.86819,21.92425],[73.88935,21.92612],[73.90852,21.90675],[73.91084,21.89824],[73.93101,21.88929],[73.94035,21.87115],[74.02872,21.91127],[74.05106,21.92658],[74.12826,21.94971],[74.14705,21.94842],[74.14197,21.95564],[74.14757,21.96075],[74.13988,21.96757],[74.14116,21.9734],[74.14993,21.9751],[74.15064,21.98652],[74.11848,21.99887],[74.09805,21.99824],[74.09944,22.00263],[74.09212,22.01498],[74.0948,22.01894],[74.1147,22.02468],[74.11536,22.02998],[74.12324,22.03592],[74.14015,22.04056],[74.13141,22.04801],[74.13563,22.05282],[74.16003,22.05891],[74.15844,22.06992],[74.16392,22.07283],[74.16454,22.0829],[74.17863,22.0855],[74.17032,22.0916],[74.16702,22.09734],[74.16923,22.10058],[74.15369,22.1004],[74.1526,22.10594],[74.12852,22.09458],[74.12452,22.09778],[74.12899,22.12085],[74.12338,22.12744],[74.12282,22.13561],[74.13067,22.14447],[74.1302,22.15463],[74.13403,22.16051],[74.1214,22.16752],[74.11813,22.18571],[74.12171,22.19475],[74.11747,22.20645],[74.12249,22.21237],[74.11646,22.21623],[74.1129,22.21409],[74.10625,22.22024],[74.07221,22.21908],[74.06934,22.23262],[74.08722,22.24279],[74.08386,22.24696],[74.07505,22.24748],[74.07451,22.26557],[74.0679,22.26516],[74.05883,22.27454],[74.05242,22.29402],[74.0539,22.30387],[74.06247,22.30485],[74.06314,22.32702],[74.072,22.3368],[74.07245,22.34354],[74.06492,22.35446],[74.07118,22.3613],[74.09211,22.36077],[74.09589,22.37097],[74.10542,22.37169],[74.11244,22.36679],[74.11406,22.35722],[74.12553,22.35619],[74.12806,22.33299],[74.14226,22.32737],[74.15418,22.32983],[74.16434,22.32442],[74.19019,22.32018],[74.19216,22.34652],[74.19421,22.34849],[74.19797,22.34258],[74.20266,22.34857],[74.20374,22.36647],[74.21121,22.35992],[74.22418,22.35644],[74.22374,22.37988],[74.24334,22.37594],[74.24289,22.38238],[74.25408,22.38534],[74.2567,22.39949],[74.27049,22.39255],[74.29106,22.39388],[74.26749,22.40548],[74.2704,22.41305],[74.25576,22.42892],[74.25142,22.41505],[74.24764,22.41474],[74.23775,22.42201],[74.24401,22.43384],[74.21525,22.44133],[74.21341,22.43144],[74.20166,22.43444],[74.20295,22.46774],[74.19064,22.47586],[74.17977,22.46256],[74.18041,22.45466],[74.18541,22.45034],[74.18407,22.4415],[74.17172,22.44018],[74.16978,22.43176],[74.16048,22.43114],[74.15257,22.44299],[74.15531,22.45403],[74.14942,22.45563],[74.14311,22.44688],[74.1341,22.44591],[74.12545,22.41724],[74.11945,22.4188],[74.11711,22.42455],[74.10516,22.4295],[74.10517,22.43583],[74.10157,22.43544],[74.09861,22.4421],[74.09736,22.45026],[74.1037,22.45575],[74.10439,22.46462],[74.08537,22.47017],[74.07566,22.46412],[74.07662,22.48362],[74.08248,22.48457],[74.08639,22.47708],[74.08784,22.48255],[74.08289,22.50657],[74.05466,22.50919],[74.0499,22.49952],[74.04391,22.49659],[74.0409,22.48653],[74.03348,22.49011],[74.0297,22.50766],[74.03884,22.51558],[74.03715,22.5259],[74.04117,22.54172],[74.06102,22.55072],[74.05561,22.56247],[74.03937,22.57035],[74.01825,22.57374]]]]}},{"type":"Feature","properties":{"district":"Dahod","code":"DA","source_name":"Dohad","dtcode11":"485"},"geometry":{"type":"MultiPolygon","coordinates":[[[[73.99796,23.33566],[73.9847,23.31001],[73.98612,23.30133],[73.99723,23.28907],[73.98797,23.2815],[73.98328,23.26147],[73.99428,23.24841],[73.99038,23.2401],[73.99271,23.22784],[73.98539,23.21847],[73.96474,23.22471],[73.96514,23.21693],[73.96837,23.20651],[73.97955,23.20779],[73.98209,23.21153],[73.98568,23.20789],[73.98003,23.19982],[73.98359,23.191],[73.97287,23.1887],[73.97519,23.18459],[73.97189,23.17995],[73.97374,23.17208],[73.99227,23.16031],[73.99215,23.1477],[73.99542,23.14519],[73.99509,23.13606],[73.98142,23.13956],[73.97824,23.13703],[73.97556,23.12402],[73.99391,23.11565],[74.00362,23.11735],[74.00495,23.1086],[74.02036,23.09256],[73.99791,23.0857],[73.98244,23.09845],[73.96863,23.10003],[73.96464,23.11109],[73.95903,23.11393],[73.9534,23.1086],[73.94538,23.11018],[73.94225,23.09826],[73.91773,23.09192],[73.90669,23.08101],[73.90818,23.05328],[73.90429,23.04988],[73.90834,23.02299],[73.914,23.01384],[73.90612,23.0076],[73.90351,22.98494],[73.92827,22.97709],[73.92149,22.96614],[73.9047,22.96392],[73.90136,22.95317],[73.89536,22.95232],[73.89304,22.94688],[73.88189,22.94595],[73.89328,22.93678],[73.90416,22.93503],[73.90767,22.92758],[73.89284,22.91711],[73.88054,22.9017],[73.87466,22.87922],[73.85421,22.84165],[73.84014,22.84441],[73.83738,22.82447],[73.84726,22.81779],[73.84988,22.79278],[73.84603,22.79174],[73.84289,22.79777],[73.83125,22.80258],[73.82567,22.78913],[73.81117,22.78667],[73.83353,22.7825],[73.83546,22.77489],[73.85182,22.75848],[73.85487,22.74524],[73.85336,22.74177],[73.83457,22.7358],[73.83739,22.7352],[73.83394,22.72383],[73.8362,22.71658],[73.82584,22.69944],[73.81583,22.69614],[73.8071,22.70008],[73.8031,22.686],[73.80668,22.67468],[73.82382,22.67223],[73.8298,22.65823],[73.82588,22.65701],[73.82316,22.64625],[73.8271,22.64478],[73.82679,22.64046],[73.81225,22.63742],[73.80884,22.62556],[73.79722,22.61255],[73.82893,22.61268],[73.82796,22.60829],[73.83259,22.60705],[73.84193,22.60996],[73.86473,22.57839],[73.86467,22.57226],[73.85024,22.56485],[73.84546,22.5729],[73.8112,22.56746],[73.80902,22.55306],[73.80294,22.54875],[73.80974,22.54876],[73.83876,22.53322],[73.84422,22.51758],[73.85209,22.51088],[73.87624,22.50304],[73.89062,22.50837],[73.90562,22.50736],[73.92453,22.52043],[73.92624,22.53006],[73.93629,22.53837],[73.96507,22.53596],[73.99362,22.55589],[74.01533,22.55935],[74.01758,22.57399],[74.03937,22.57035],[74.05561,22.56247],[74.06117,22.54977],[74.0759,22.5509],[74.1014,22.53423],[74.11188,22.5396],[74.13313,22.52018],[74.15071,22.52119],[74.1504,22.52889],[74.17081,22.54733],[74.18941,22.55356],[74.19007,22.55935],[74.18338,22.5667],[74.19211,22.56913],[74.2008,22.56593],[74.2034,22.56907],[74.21015,22.56452],[74.21118,22.57482],[74.22159,22.58317],[74.23134,22.61176],[74.24048,22.61181],[74.24346,22.62057],[74.25335,22.62144],[74.25328,22.63419],[74.26367,22.64402],[74.26587,22.63851],[74.27185,22.6391],[74.27739,22.64594],[74.29251,22.63808],[74.31543,22.63394],[74.3293,22.64205],[74.35924,22.63393],[74.37907,22.63457],[74.38417,22.64624],[74.38212,22.66761],[74.39496,22.68575],[74.39451,22.70006],[74.39957,22.70963],[74.39685,22.71381],[74.40179,22.73152],[74.41408,22.74373],[74.41596,22.75403],[74.42142,22.75665],[74.43521,22.78227],[74.43784,22.79211],[74.43376,22.80798],[74.4501,22.80833],[74.46476,22.81637],[74.47613,22.85239],[74.46058,22.90794],[74.44694,22.92126],[74.43374,22.91249],[74.43327,22.91812],[74.41836,22.9173],[74.41055,22.91201],[74.41364,22.90624],[74.40458,22.90363],[74.40372,22.89868],[74.39324,22.89678],[74.37787,22.90725],[74.37064,22.92202],[74.35827,22.93168],[74.35773,22.93927],[74.33952,22.95283],[74.33938,22.96465],[74.3539,22.97576],[74.36555,22.97591],[74.36426,22.9814],[74.34921,23.00729],[74.34455,23.02876],[74.32214,23.041],[74.31889,23.05875],[74.32445,23.06141],[74.31846,23.07312],[74.28371,23.09446],[74.29299,23.11722],[74.28006,23.13184],[74.27384,23.15801],[74.26928,23.16354],[74.25292,23.17203],[74.24707,23.18436],[74.23369,23.17957],[74.20294,23.19024],[74.1958,23.18047],[74.18862,23.17808],[74.18295,23.16628],[74.18545,23.15676],[74.18119,23.15158],[74.15507,23.15651],[74.1474,23.17291],[74.12781,23.17604],[74.12284,23.18451],[74.12558,23.20418],[74.13632,23.21092],[74.13484,23.21647],[74.14078,23.22295],[74.1363,23.2452],[74.13882,23.26598],[74.11556,23.27432],[74.11393,23.28432],[74.10686,23.29367],[74.09224,23.29798],[74.07178,23.29879],[74.03819,23.29337],[74.04488,23.30874],[74.03309,23.30592],[74.02483,23.32099],[74.02867,23.3316],[73.99796,23.33566]]]]}},{"type":"Feature","properties":{"district":"Dang","code":"DG","source_name":"The Dangs","dtcode11":"489"},"geometry":{"type":"MultiPolygon","coordinates":[[[[73.56474,21.0105],[73.55768,21.01479],[73.54694,21.00655],[73.54422,20.97403],[73.53584,20.95908],[73.53748,20.9512],[73.53272,20.94738],[73.51981,20.94699],[73.53032,20.93912],[73.53018,20.93431],[73.51246,20.93531],[73.51109,20.926],[73.49626,20.92147],[73.48949,20.91376],[73.4922,20.90007],[73.4882,20.89121],[73.49929,20.87747],[73.49181,20.86159],[73.50287,20.85587],[73.50491,20.84365],[73.49872,20.83833],[73.49442,20.80922],[73.48207,20.79656],[73.48748,20.78502],[73.49046,20.75693],[73.47874,20.74567],[73.46796,20.74615],[73.46553,20.73991],[73.46673,20.72206],[73.47471,20.7203],[73.47569,20.70978],[73.48401,20.70007],[73.48406,20.69147],[73.49033,20.6863],[73.48633,20.67508],[73.48182,20.67951],[73.47969,20.67212],[73.48915,20.66374],[73.48929,20.65565],[73.49568,20.65353],[73.50439,20.6708],[73.51108,20.66597],[73.51799,20.66757],[73.52066,20.67873],[73.53299,20.67303],[73.55094,20.64845],[73.55794,20.64563],[73.56937,20.65149],[73.59957,20.63682],[73.61541,20.62464],[73.62234,20.61416],[73.62757,20.58387],[73.64511,20.57387],[73.65239,20.56448],[73.6696,20.5632],[73.69543,20.57847],[73.69974,20.57518],[73.73239,20.57435],[73.74465,20.56477],[73.76052,20.57331],[73.76364,20.58659],[73.76759,20.58685],[73.77642,20.60082],[73.79133,20.6052],[73.79846,20.5986],[73.80712,20.60831],[73.81744,20.61356],[73.82552,20.61202],[73.83836,20.62055],[73.83273,20.64874],[73.83909,20.65878],[73.83068,20.67503],[73.81732,20.67178],[73.81206,20.6922],[73.82557,20.7008],[73.83547,20.7021],[73.85521,20.69221],[73.8563,20.70032],[73.86267,20.70316],[73.87429,20.72957],[73.88259,20.73335],[73.8958,20.73192],[73.90491,20.72531],[73.91719,20.72489],[73.91762,20.7295],[73.92415,20.73361],[73.92833,20.7346],[73.93015,20.72931],[73.94225,20.74232],[73.9379,20.74927],[73.94136,20.75825],[73.93192,20.76055],[73.9362,20.80087],[73.932,20.8086],[73.94411,20.82406],[73.93946,20.83435],[73.9413,20.84018],[73.92919,20.8422],[73.92357,20.85122],[73.92557,20.88835],[73.91738,20.90763],[73.88864,20.933],[73.87594,20.92774],[73.87414,20.93852],[73.86703,20.94405],[73.82165,20.95365],[73.82034,20.94764],[73.81468,20.9489],[73.81218,20.95571],[73.79736,20.9586],[73.78978,20.98499],[73.77495,20.98751],[73.77141,20.99432],[73.76569,20.99296],[73.76163,20.99982],[73.75578,20.99944],[73.75273,21.00606],[73.74095,21.00223],[73.7289,21.00599],[73.72536,21.00121],[73.71774,21.00648],[73.70538,21.00627],[73.69302,21.00071],[73.68706,21.00558],[73.67133,21.00106],[73.66024,21.0076],[73.65205,21.00244],[73.65218,20.99177],[73.64573,20.99046],[73.64479,20.97935],[73.63788,20.97525],[73.62967,20.97819],[73.62033,20.9908],[73.61077,20.9925],[73.6134,20.98131],[73.60066,20.97448],[73.59589,20.95885],[73.58506,20.97004],[73.59119,20.99952],[73.57285,21.01294],[73.56474,21.0105]]],[[[73.80922,21.07335],[73.80758,21.08463],[73.79415,21.07137],[73.78015,21.06433],[73.73715,21.07979],[73.73434,21.0549],[73.73815,21.04131],[73.74783,21.04069],[73.75361,21.0361],[73.76169,21.0382],[73.7688,21.02977],[73.76182,21.0109],[73.77876,21.01964],[73.80248,21.02426],[73.8065,21.03189],[73.79535,21.04432],[73.81035,21.05817],[73.80922,21.07335]]],[[[73.81001,21.02812],[73.80725,21.00869],[73.81875,21.00436],[73.82062,20.99427],[73.82592,20.98909],[73.84467,20.98814],[73.84605,20.99993],[73.84928,20.99961],[73.81001,21.02812]]]]}},{"type":"Feature","properties":{"district":"Devbhumi Dwarka","code":"DD","source_name":"Devbhumi Dwarka","dtcode11":"728"},"geometry":{"type":"MultiPolygon","coordinates":[[[[69.06924,22.47832],[69.06818,22.48119],[69.05519,22.46625],[69.00637,22.4394],[68.97775,22.40348],[68.9584,22.36801],[68.9587,22.35494],[68.97133,22.35382],[68.96703,22.34797],[68.97181,22.34564],[68.96748,22.34502],[68.95913,22.35353],[68.95575,22.33585],[68.94992,22.33156],[68.94301,22.3328],[68.93641,22.31137],[68.94159,22.29161],[68.95914,22.25713],[68.9538,22.25241],[68.95371,22.24501],[68.965,22.23439],[68.97218,22.23804],[68.98164,22.22771],[68.98568,22.2283],[68.98688,22.23528],[68.99157,22.23485],[68.99164,22.22587],[68.98817,22.2283],[68.98538,22.22531],[68.99155,22.21683],[69.00266,22.22538],[69.0006,22.2208],[69.00483,22.22052],[69.00476,22.21665],[68.99878,22.20943],[68.96693,22.23449],[68.97107,22.23663],[68.96592,22.23408],[68.98126,22.2121],[69.05475,22.12927],[69.09023,22.09685],[69.10968,22.07081],[69.21724,21.95759],[69.27679,21.90462],[69.28202,21.89553],[69.29132,21.88928],[69.29636,21.89201],[69.29209,21.88894],[69.29372,21.8865],[69.31697,21.8676],[69.31956,21.87165],[69.32006,21.8644],[69.35197,21.839],[69.37172,21.82987],[69.38429,21.86237],[69.385,21.87748],[69.40269,21.89443],[69.42227,21.87989],[69.43,21.8799],[69.44749,21.85347],[69.48857,21.85575],[69.48318,21.8758],[69.48579,21.87606],[69.48656,21.89732],[69.49984,21.89546],[69.50429,21.90451],[69.5277,21.89346],[69.53416,21.89466],[69.53821,21.89747],[69.53587,21.9014],[69.54111,21.92568],[69.54846,21.93567],[69.56857,21.94663],[69.61133,21.9487],[69.62081,21.94296],[69.62761,21.92053],[69.65652,21.92437],[69.64969,21.9562],[69.6851,21.95967],[69.68884,21.97981],[69.71993,21.97377],[69.72281,21.95633],[69.7268,21.9551],[69.72263,21.94209],[69.72493,21.93771],[69.70705,21.93462],[69.7077,21.92549],[69.68815,21.91229],[69.68177,21.92837],[69.66672,21.92616],[69.67203,21.90415],[69.66418,21.90099],[69.66726,21.88724],[69.65614,21.86958],[69.63391,21.8754],[69.63097,21.8671],[69.61511,21.86988],[69.61415,21.86481],[69.60897,21.86417],[69.60872,21.83165],[69.6135,21.83078],[69.61234,21.80902],[69.61519,21.80944],[69.61637,21.80311],[69.63175,21.80523],[69.63029,21.82945],[69.6465,21.83936],[69.6565,21.83807],[69.66482,21.81214],[69.67528,21.81315],[69.67393,21.82229],[69.68471,21.82273],[69.68994,21.81879],[69.69068,21.81141],[69.69666,21.81074],[69.70038,21.79686],[69.71067,21.7997],[69.7117,21.79419],[69.72657,21.80823],[69.72636,21.82166],[69.73914,21.83469],[69.76217,21.82267],[69.80091,21.82702],[69.83377,21.81807],[69.83513,21.81439],[69.8425,21.81988],[69.86213,21.82251],[69.87433,21.83308],[69.8851,21.83515],[69.88738,21.83074],[69.89696,21.83504],[69.89649,21.8407],[69.90972,21.84078],[69.9153,21.85092],[69.91175,21.87739],[69.93608,21.89312],[69.91911,21.8997],[69.92006,21.92675],[69.91531,21.92766],[69.91925,21.93381],[69.91734,21.93989],[69.92821,21.93924],[69.92589,21.94439],[69.93029,21.94678],[69.9268,21.95222],[69.93366,21.96068],[69.92313,21.96646],[69.90297,21.96518],[69.89933,21.97377],[69.89122,21.97977],[69.88696,21.99448],[69.8756,22.00044],[69.87694,22.01047],[69.87056,22.01109],[69.86583,22.01755],[69.85517,22.01505],[69.85354,22.01962],[69.86378,22.02491],[69.87056,22.03792],[69.86566,22.04605],[69.85739,22.0439],[69.85853,22.08798],[69.88318,22.1045],[69.89352,22.12862],[69.86957,22.12822],[69.85817,22.12994],[69.85473,22.13444],[69.84196,22.13004],[69.83617,22.12083],[69.82868,22.11933],[69.81223,22.12773],[69.80972,22.13155],[69.81301,22.17618],[69.8027,22.18914],[69.80997,22.20004],[69.80877,22.20675],[69.79984,22.21538],[69.79072,22.21748],[69.79137,22.22075],[69.7696,22.21988],[69.76042,22.23579],[69.75551,22.23715],[69.75409,22.24323],[69.76182,22.24556],[69.76175,22.25129],[69.75332,22.2577],[69.73269,22.30795],[69.75394,22.3208],[69.74908,22.33377],[69.74492,22.33368],[69.74013,22.34037],[69.73626,22.36784],[69.72749,22.3689],[69.72541,22.38662],[69.72909,22.3875],[69.72595,22.39453],[69.7392,22.39771],[69.73421,22.40584],[69.74239,22.40682],[69.7448,22.41279],[69.75091,22.41171],[69.75454,22.41837],[69.75427,22.42129],[69.75038,22.41897],[69.75014,22.42901],[69.73967,22.432],[69.74771,22.43295],[69.74306,22.44173],[69.73288,22.44265],[69.74189,22.44655],[69.73554,22.44962],[69.74359,22.451],[69.74051,22.45307],[69.74371,22.45244],[69.74373,22.45876],[69.73452,22.47003],[69.73635,22.47676],[69.73306,22.4822],[69.73657,22.48443],[69.71333,22.47487],[69.69662,22.45349],[69.69468,22.44251],[69.70546,22.43354],[69.69918,22.41435],[69.69565,22.41272],[69.70069,22.41134],[69.70222,22.39851],[69.69429,22.39485],[69.67794,22.39709],[69.67354,22.39415],[69.66979,22.39702],[69.66694,22.39293],[69.66105,22.39614],[69.6636,22.38814],[69.656,22.37541],[69.65542,22.35939],[69.63551,22.358],[69.62322,22.36469],[69.62119,22.37165],[69.62128,22.36744],[69.61687,22.36833],[69.61528,22.36448],[69.61899,22.35767],[69.61741,22.34524],[69.61367,22.34475],[69.60946,22.35237],[69.6073,22.34665],[69.59772,22.34598],[69.59146,22.35948],[69.58302,22.36096],[69.57964,22.36717],[69.57443,22.3673],[69.56712,22.35638],[69.56138,22.35566],[69.56032,22.36698],[69.5405,22.37703],[69.53483,22.37069],[69.51593,22.37287],[69.49954,22.36614],[69.49032,22.35251],[69.49073,22.33679],[69.46524,22.32837],[69.45586,22.33219],[69.44346,22.33039],[69.43621,22.32181],[69.42298,22.31602],[69.39235,22.31599],[69.3792,22.32099],[69.36377,22.317],[69.35181,22.32666],[69.33278,22.32764],[69.33245,22.32185],[69.336,22.32245],[69.34008,22.31249],[69.33152,22.30112],[69.3243,22.30265],[69.32204,22.29182],[69.31226,22.28676],[69.29829,22.28765],[69.29549,22.28391],[69.29302,22.28673],[69.29569,22.28089],[69.29224,22.27515],[69.27957,22.26975],[69.25462,22.26726],[69.2446,22.25604],[69.24058,22.25819],[69.23354,22.24981],[69.23765,22.22252],[69.2219,22.21627],[69.22233,22.21176],[69.21288,22.21016],[69.21156,22.21927],[69.19525,22.22514],[69.19036,22.24345],[69.18471,22.24001],[69.19013,22.23466],[69.17922,22.22795],[69.1786,22.21265],[69.16918,22.21505],[69.16723,22.2038],[69.16128,22.20212],[69.15704,22.19528],[69.14822,22.19482],[69.13647,22.19536],[69.13473,22.20203],[69.13949,22.21079],[69.13385,22.22245],[69.14842,22.23619],[69.15401,22.24854],[69.14854,22.25737],[69.15599,22.2626],[69.15464,22.26926],[69.16079,22.28406],[69.15686,22.3158],[69.16932,22.3333],[69.16949,22.34236],[69.16416,22.34334],[69.16342,22.34842],[69.17546,22.34769],[69.17345,22.35168],[69.17746,22.35596],[69.16913,22.35397],[69.17542,22.36756],[69.18099,22.37047],[69.16955,22.36849],[69.16793,22.37306],[69.18141,22.37905],[69.18978,22.38849],[69.19759,22.38765],[69.20098,22.40117],[69.18774,22.40233],[69.19187,22.40986],[69.19669,22.40353],[69.19106,22.41377],[69.18984,22.41027],[69.18749,22.4131],[69.19489,22.42165],[69.17588,22.42277],[69.17306,22.42084],[69.18253,22.41943],[69.17125,22.40923],[69.16802,22.41058],[69.16891,22.40729],[69.15696,22.40541],[69.16037,22.41074],[69.15635,22.40848],[69.16312,22.41183],[69.16043,22.41192],[69.15117,22.40452],[69.15161,22.39962],[69.14165,22.39786],[69.13856,22.40141],[69.13036,22.3949],[69.12744,22.37855],[69.12123,22.37545],[69.12833,22.38643],[69.12804,22.39492],[69.11055,22.40975],[69.09965,22.40804],[69.09837,22.40371],[69.10343,22.39873],[69.09751,22.39329],[69.08606,22.39318],[69.08191,22.38801],[69.07015,22.3851],[69.06503,22.38915],[69.06089,22.38314],[69.06203,22.38736],[69.05763,22.38707],[69.06278,22.39073],[69.05596,22.39292],[69.05338,22.38841],[69.05389,22.39668],[69.04907,22.3977],[69.0436,22.39041],[69.03974,22.39368],[69.04009,22.38837],[69.03842,22.39211],[69.03555,22.39007],[69.04068,22.41351],[69.04688,22.423],[69.04128,22.4319],[69.04364,22.43677],[69.0381,22.44265],[69.04696,22.44778],[69.05221,22.44506],[69.0459,22.44344],[69.04963,22.43748],[69.06604,22.45284],[69.07441,22.4542],[69.07646,22.46529],[69.08367,22.47479],[69.07853,22.47961],[69.06924,22.47832]]],[[[69.62899,22.45867],[69.59555,22.44427],[69.58997,22.43714],[69.59041,22.43054],[69.60687,22.41699],[69.63656,22.40554],[69.65686,22.42676],[69.65055,22.43106],[69.64625,22.44438],[69.62899,22.45867]]],[[[69.13523,22.47651],[69.09403,22.46072],[69.09309,22.44654],[69.09652,22.44098],[69.08573,22.43178],[69.08451,22.42196],[69.1084,22.43678],[69.10737,22.45906],[69.11548,22.4666],[69.14212,22.46288],[69.1448,22.45026],[69.14303,22.45806],[69.1503,22.46865],[69.14255,22.47626],[69.13523,22.47651]]]]}},{"type":"Feature","properties":{"district":"Gandhinagar","code":"GN","source_name":"Gandhinagar","dtcode11":"473"},"geometry":{"type":"MultiPolygon","coordinates":[[[[72.6477,23.5671],[72.62393,23.55647],[72.62695,23.54382],[72.62115,23.53918],[72.61952,23.51141],[72.60517,23.51057],[72.6022,23.51913],[72.58426,23.52176],[72.5751,23.46464],[72.56797,23.45535],[72.54558,23.45365],[72.54004,23.44227],[72.54469,23.42889],[72.52636,23.42491],[72.52412,23.41676],[72.52736,23.40452],[72.5115,23.3959],[72.50398,23.3832],[72.51028,23.37331],[72.5248,23.36316],[72.52135,23.35046],[72.51141,23.35009],[72.48996,23.33999],[72.47722,23.34595],[72.47183,23.34444],[72.48409,23.31999],[72.48041,23.31292],[72.45917,23.31347],[72.46021,23.30966],[72.46567,23.31165],[72.47636,23.30662],[72.47506,23.30242],[72.46326,23.29739],[72.45089,23.29788],[72.44821,23.30432],[72.43715,23.31065],[72.42709,23.30613],[72.41214,23.28068],[72.42313,23.25752],[72.42707,23.25751],[72.42569,23.26243],[72.43312,23.26373],[72.44609,23.25527],[72.44651,23.24452],[72.42642,23.24879],[72.4263,23.24374],[72.43129,23.23925],[72.43262,23.22265],[72.4394,23.2161],[72.43977,23.2042],[72.44894,23.20052],[72.44812,23.19574],[72.43905,23.19526],[72.4228,23.20914],[72.41552,23.2033],[72.41533,23.18675],[72.40238,23.18738],[72.38429,23.17169],[72.38409,23.16356],[72.3869,23.15384],[72.39744,23.14782],[72.41642,23.14986],[72.41796,23.15527],[72.42903,23.15088],[72.42741,23.14351],[72.41748,23.13059],[72.40106,23.13367],[72.40282,23.12538],[72.38681,23.11826],[72.38593,23.11124],[72.37759,23.10746],[72.37076,23.09587],[72.36748,23.0972],[72.37086,23.10215],[72.36906,23.10776],[72.35632,23.12436],[72.34176,23.12587],[72.33654,23.10695],[72.34868,23.09035],[72.35601,23.08813],[72.36954,23.09349],[72.3752,23.08083],[72.3843,23.07957],[72.38117,23.06055],[72.38812,23.05484],[72.38728,23.05163],[72.40306,23.05704],[72.40338,23.06505],[72.40725,23.0678],[72.42767,23.06486],[72.43108,23.05557],[72.42664,23.04778],[72.43521,23.0434],[72.44745,23.04743],[72.44884,23.06035],[72.47181,23.06352],[72.47399,23.0721],[72.46582,23.08153],[72.46025,23.07943],[72.45974,23.08383],[72.47571,23.08686],[72.48174,23.09713],[72.49804,23.09962],[72.49901,23.11219],[72.4865,23.12516],[72.48309,23.14433],[72.49395,23.14169],[72.50501,23.14406],[72.50425,23.1549],[72.51185,23.15973],[72.51852,23.15041],[72.53079,23.14843],[72.53746,23.16431],[72.54861,23.1639],[72.54092,23.14869],[72.54061,23.13216],[72.56265,23.13716],[72.56796,23.12674],[72.56311,23.11593],[72.56911,23.11603],[72.57153,23.12201],[72.57824,23.11809],[72.58273,23.12982],[72.60857,23.12897],[72.61438,23.12319],[72.61299,23.11514],[72.61864,23.11495],[72.60994,23.10068],[72.61039,23.09141],[72.6374,23.09188],[72.64666,23.10111],[72.65495,23.09467],[72.66529,23.09473],[72.67217,23.10796],[72.68056,23.1065],[72.68383,23.10159],[72.69051,23.10289],[72.69992,23.1119],[72.71038,23.11063],[72.71635,23.09467],[72.7442,23.09978],[72.74402,23.08893],[72.76606,23.09535],[72.77818,23.07727],[72.7661,23.05951],[72.78982,23.05837],[72.79757,23.05103],[72.79452,23.04412],[72.80516,23.03652],[72.81536,23.03727],[72.80697,23.02616],[72.8154,23.02317],[72.8183,23.01714],[72.82345,23.01919],[72.8246,23.01447],[72.8194,23.01204],[72.83756,22.99629],[72.84849,22.99907],[72.84304,23.01007],[72.84567,23.01154],[72.87448,23.00909],[72.88035,23.01604],[72.89273,23.01459],[72.89085,23.01869],[72.89812,23.02947],[72.90466,23.03051],[72.90785,23.04829],[72.91302,23.05322],[72.90585,23.06547],[72.92313,23.06972],[72.92551,23.08053],[72.94521,23.07323],[72.96096,23.07368],[72.96489,23.06768],[72.95893,23.06577],[72.96083,23.05941],[72.96822,23.06298],[72.99706,23.05737],[72.99387,23.06932],[72.98277,23.07458],[72.98162,23.08769],[72.99354,23.09881],[72.99867,23.09697],[73.00719,23.10285],[73.00286,23.13095],[73.01688,23.12633],[73.02597,23.12992],[73.02861,23.13703],[73.02444,23.14337],[73.0134,23.14398],[73.0128,23.16132],[72.98137,23.15922],[72.97122,23.16346],[72.98446,23.17476],[72.97756,23.17828],[72.98626,23.20052],[72.98172,23.20232],[72.98479,23.20809],[72.98147,23.22236],[72.98624,23.22795],[72.98973,23.25068],[72.99994,23.27016],[73.01703,23.27821],[72.99495,23.29019],[72.98713,23.28243],[72.97782,23.28448],[72.96983,23.28016],[72.96057,23.28096],[72.95876,23.27529],[72.96585,23.27583],[72.97839,23.2639],[72.97018,23.26511],[72.96935,23.25567],[72.95981,23.25909],[72.9592,23.25345],[72.96332,23.25165],[72.95986,23.24133],[72.95568,23.24061],[72.94788,23.25248],[72.94454,23.24136],[72.93617,23.23896],[72.93364,23.24365],[72.92997,23.24268],[72.93219,23.24672],[72.92725,23.2489],[72.92707,23.25858],[72.919,23.26366],[72.92047,23.29095],[72.89885,23.28104],[72.88372,23.28832],[72.88448,23.29322],[72.91418,23.29657],[72.91263,23.31767],[72.91561,23.32245],[72.89429,23.3247],[72.88437,23.32235],[72.88325,23.3129],[72.86507,23.3134],[72.85489,23.31532],[72.83379,23.33139],[72.82592,23.33024],[72.81031,23.31877],[72.80109,23.31895],[72.79694,23.33143],[72.80459,23.33405],[72.80779,23.35575],[72.76505,23.35464],[72.76078,23.35865],[72.76451,23.36727],[72.74662,23.37446],[72.75277,23.38712],[72.74071,23.39306],[72.72347,23.38968],[72.72688,23.39812],[72.73415,23.40323],[72.75988,23.40721],[72.7717,23.41513],[72.7786,23.41463],[72.79258,23.40466],[72.80214,23.40584],[72.80315,23.41027],[72.79349,23.42665],[72.80719,23.44046],[72.8189,23.46663],[72.8142,23.48056],[72.79963,23.49466],[72.79788,23.50278],[72.78578,23.50293],[72.77174,23.51749],[72.77581,23.52252],[72.77272,23.52676],[72.77689,23.52813],[72.77231,23.53816],[72.74317,23.53602],[72.73238,23.51796],[72.72496,23.52106],[72.72418,23.52592],[72.70804,23.52934],[72.69094,23.5227],[72.68574,23.5316],[72.67578,23.53042],[72.67866,23.55593],[72.663,23.55656],[72.66078,23.55016],[72.65452,23.55091],[72.65533,23.56644],[72.6477,23.5671]]]]}},{"type":"Feature","properties":{"district":"Gir Somnath","code":"GS","source_name":"Gir Somnath","dtcode11":"729"},"geometry":{"type":"MultiPolygon","coordinates":[[[[70.53203,21.28413],[70.52771,21.2907],[70.52504,21.28139],[70.53645,21.24083],[70.5433,21.22771],[70.56084,21.21843],[70.56229,21.2108],[70.57538,21.19564],[70.56472,21.18736],[70.55903,21.18864],[70.5495,21.17527],[70.53343,21.17549],[70.51843,21.18606],[70.50295,21.18717],[70.49903,21.16287],[70.49031,21.14363],[70.48011,21.13711],[70.478,21.13056],[70.46464,21.1261],[70.47189,21.11348],[70.46593,21.09621],[70.44797,21.09092],[70.44751,21.07954],[70.45404,21.0762],[70.4504,21.06271],[70.45592,21.05436],[70.4637,21.05399],[70.46208,21.04999],[70.44591,21.03573],[70.44264,21.03879],[70.43552,21.03702],[70.43232,21.04856],[70.42164,21.04102],[70.42193,21.04476],[70.41081,21.04789],[70.40705,21.05432],[70.40082,21.05322],[70.40085,21.04662],[70.39413,21.0373],[70.39307,21.01863],[70.37895,21.01487],[70.37304,21.00788],[70.3628,21.01063],[70.37053,21.01778],[70.36605,21.02412],[70.35563,21.02581],[70.35878,21.03058],[70.35214,21.03416],[70.34003,21.02744],[70.3285,21.01455],[70.3167,21.01412],[70.30316,21.00606],[70.2936,21.01939],[70.27705,21.01362],[70.27514,21.01791],[70.23901,20.99233],[70.25191,20.97841],[70.32055,20.92772],[70.34743,20.9148],[70.36434,20.90147],[70.37019,20.89876],[70.37557,20.90289],[70.39273,20.89426],[70.42564,20.86311],[70.44749,20.84826],[70.46942,20.83859],[70.47336,20.84355],[70.47194,20.84139],[70.48691,20.83507],[70.48933,20.82931],[70.54207,20.80167],[70.54539,20.80511],[70.54251,20.80654],[70.54976,20.80774],[70.54185,20.8135],[70.54571,20.81647],[70.54903,20.81673],[70.54671,20.81124],[70.5524,20.80785],[70.55901,20.80863],[70.56189,20.81503],[70.56758,20.80942],[70.57495,20.81613],[70.58609,20.81337],[70.58876,20.80347],[70.5859,20.79619],[70.5608,20.80678],[70.54755,20.805],[70.58588,20.78246],[70.6098,20.77728],[70.61387,20.77144],[70.63425,20.76832],[70.63356,20.77317],[70.64335,20.77951],[70.64971,20.78012],[70.64644,20.7747],[70.65497,20.77596],[70.65801,20.78466],[70.65458,20.76858],[70.64829,20.76259],[70.67577,20.75699],[70.70391,20.73848],[70.74296,20.71992],[70.76665,20.72022],[70.82704,20.69057],[70.83935,20.69065],[70.83452,20.69699],[70.80917,20.70133],[70.81233,20.70439],[70.80513,20.70618],[70.81306,20.71849],[70.81625,20.71807],[70.815,20.71399],[70.83046,20.7099],[70.8324,20.70524],[70.82943,20.70304],[70.83352,20.69769],[70.8456,20.70717],[70.87358,20.70421],[70.87221,20.71821],[70.87814,20.72839],[70.91018,20.73669],[70.91957,20.74295],[70.93859,20.73229],[70.96049,20.73658],[70.96443,20.72947],[70.98063,20.72258],[70.98455,20.73211],[70.99965,20.742],[71.00745,20.73738],[71.02865,20.73784],[71.04996,20.73094],[71.06001,20.73632],[71.06368,20.73386],[71.0798,20.73793],[71.07842,20.75006],[71.09181,20.75716],[71.12268,20.75436],[71.14889,20.75813],[71.14861,20.77125],[71.15749,20.77946],[71.20779,20.79229],[71.20371,20.79853],[71.22364,20.81768],[71.21214,20.84018],[71.21497,20.85024],[71.20488,20.87366],[71.18862,20.87323],[71.1792,20.88092],[71.17661,20.88745],[71.19101,20.8956],[71.19333,20.90196],[71.17766,20.9187],[71.18452,20.92593],[71.18976,20.92268],[71.2055,20.92687],[71.21988,20.95698],[71.19364,20.9788],[71.18759,20.96777],[71.17848,20.96457],[71.17342,20.96685],[71.16903,20.96003],[71.15541,20.95949],[71.15162,20.95448],[71.14523,20.95505],[71.1475,20.9517],[71.14333,20.9502],[71.1363,20.95011],[71.13198,20.95995],[71.12313,20.96336],[71.12529,20.985],[71.13289,20.98965],[71.12947,20.99316],[71.13117,21.00627],[71.14858,21.03153],[71.13839,21.04244],[71.13474,21.06735],[71.12544,21.07601],[71.11287,21.07619],[71.09596,21.08678],[71.09318,21.09754],[71.07596,21.11663],[71.02233,21.14463],[71.00553,21.16623],[70.98947,21.17032],[70.97824,21.16417],[70.94937,21.16896],[70.92182,21.17973],[70.89286,21.18542],[70.87063,21.17075],[70.86436,21.17343],[70.8541,21.16762],[70.84778,21.14814],[70.85346,21.14059],[70.84797,21.13419],[70.8539,21.12698],[70.85127,21.12006],[70.81334,21.12152],[70.81287,21.14362],[70.8052,21.14785],[70.79816,21.14413],[70.79341,21.1459],[70.79794,21.15587],[70.79581,21.16245],[70.7903,21.1632],[70.77775,21.15988],[70.76051,21.13278],[70.75239,21.12976],[70.74365,21.13744],[70.74902,21.15638],[70.74155,21.17821],[70.7589,21.21457],[70.75506,21.23257],[70.75006,21.23792],[70.71033,21.24516],[70.70272,21.25944],[70.67228,21.25482],[70.6687,21.26046],[70.65514,21.26251],[70.65224,21.26653],[70.62228,21.27344],[70.6042,21.27158],[70.59272,21.28105],[70.56365,21.27996],[70.55126,21.28754],[70.54922,21.28206],[70.54388,21.28367],[70.54199,21.28072],[70.53203,21.28413]]]]}},{"type":"Feature","properties":{"district":"Jamnagar","code":"JM","source_name":"Jamnagar","dtcode11":"477"},"geometry":{"type":"MultiPolygon","coordinates":[[[[70.49154,22.92726],[70.48302,22.93539],[70.49027,22.92685],[70.48331,22.93224],[70.48361,22.91394],[70.4936,22.90351],[70.49987,22.90368],[70.49401,22.8965],[70.49711,22.90073],[70.48477,22.91285],[70.47979,22.90772],[70.48035,22.89755],[70.48631,22.90123],[70.4862,22.89576],[70.49018,22.89529],[70.49068,22.88028],[70.48968,22.89529],[70.48589,22.89534],[70.48549,22.90087],[70.48047,22.89678],[70.47939,22.90799],[70.47724,22.90593],[70.47276,22.88333],[70.48306,22.87876],[70.47243,22.8824],[70.4692,22.86874],[70.47698,22.8632],[70.46881,22.86769],[70.46582,22.84453],[70.462,22.84021],[70.46819,22.85116],[70.46483,22.86072],[70.4528,22.84435],[70.45624,22.83583],[70.45383,22.84163],[70.45163,22.83455],[70.45333,22.84184],[70.44945,22.84348],[70.4288,22.83034],[70.43019,22.82514],[70.42823,22.83035],[70.42378,22.82905],[70.42123,22.81865],[70.42306,22.82874],[70.41476,22.82754],[70.40891,22.8226],[70.40711,22.81287],[70.40489,22.81528],[70.39399,22.80823],[70.38856,22.8027],[70.39172,22.79989],[70.3829,22.79504],[70.39305,22.80869],[70.40382,22.81525],[70.39728,22.81326],[70.37723,22.8179],[70.39752,22.81392],[70.40404,22.81603],[70.40702,22.82099],[70.39658,22.82182],[70.40709,22.82159],[70.41035,22.82492],[70.40242,22.82792],[70.4098,22.82973],[70.39645,22.83346],[70.40925,22.83001],[70.414,22.83398],[70.39137,22.8395],[70.41468,22.83424],[70.42716,22.84202],[70.41761,22.84012],[70.40745,22.84278],[70.41979,22.84091],[70.41142,22.84636],[70.39712,22.84568],[70.41402,22.84606],[70.40942,22.8526],[70.40483,22.85201],[70.41558,22.85638],[70.40801,22.8625],[70.40454,22.85933],[70.41238,22.87205],[70.38834,22.84966],[70.40212,22.86453],[70.39497,22.86165],[70.40728,22.86739],[70.41606,22.87773],[70.42656,22.90437],[70.42023,22.91821],[70.41726,22.90153],[70.40699,22.88265],[70.40355,22.88],[70.40791,22.8868],[70.39505,22.87469],[70.38296,22.87151],[70.39474,22.87508],[70.40879,22.88908],[70.39188,22.88315],[70.412,22.89239],[70.41927,22.91855],[70.41132,22.9269],[70.41511,22.91344],[70.40639,22.89308],[70.4001,22.88907],[70.40613,22.89349],[70.41459,22.91309],[70.41082,22.92652],[70.40838,22.90907],[70.39176,22.8921],[70.40758,22.90898],[70.40924,22.92588],[70.39754,22.91847],[70.39871,22.90387],[70.39716,22.91823],[70.37476,22.9071],[70.32778,22.84246],[70.30132,22.79829],[70.29249,22.76596],[70.26591,22.75746],[70.26602,22.74984],[70.26341,22.75449],[70.24882,22.74698],[70.23569,22.72826],[70.2189,22.718],[70.21753,22.71241],[70.22499,22.70988],[70.21893,22.7028],[70.21629,22.68983],[70.2224,22.6858],[70.21249,22.67792],[70.22313,22.67307],[70.21808,22.66526],[70.22345,22.66089],[70.21913,22.66366],[70.21985,22.65903],[70.21821,22.66332],[70.21719,22.65835],[70.20943,22.65855],[70.21,22.65425],[70.19383,22.64314],[70.19318,22.63898],[70.20829,22.63905],[70.19164,22.62684],[70.19498,22.62069],[70.186,22.61763],[70.19035,22.61029],[70.18136,22.60958],[70.17665,22.60443],[70.18133,22.59426],[70.17473,22.59339],[70.17131,22.59904],[70.16779,22.59383],[70.15726,22.59426],[70.15418,22.58455],[70.16392,22.58342],[70.15416,22.58122],[70.15567,22.57279],[70.1516,22.57033],[70.14178,22.57712],[70.1343,22.57417],[70.12575,22.55303],[70.08186,22.55328],[70.07027,22.55897],[70.05964,22.55611],[70.03942,22.56636],[70.01908,22.54634],[70.01085,22.54817],[70.00005,22.54228],[70.00226,22.54716],[69.97554,22.54267],[69.98636,22.54095],[69.98579,22.53348],[69.98209,22.5347],[69.97868,22.52524],[69.9875,22.52999],[69.98998,22.52651],[69.98384,22.52503],[69.99159,22.5239],[69.99056,22.51993],[69.98241,22.52372],[69.98697,22.51689],[69.98276,22.51673],[69.98242,22.51308],[69.97987,22.51648],[69.98373,22.51978],[69.97712,22.527],[69.98459,22.54127],[69.97196,22.5399],[69.97496,22.53162],[69.9701,22.5391],[69.96912,22.53544],[69.96814,22.53848],[69.96347,22.53653],[69.96558,22.5339],[69.96049,22.5349],[69.95881,22.53226],[69.96417,22.52999],[69.95537,22.52979],[69.96258,22.52633],[69.95437,22.5295],[69.95295,22.52557],[69.95935,22.52281],[69.95245,22.5248],[69.95317,22.52943],[69.94674,22.52805],[69.94814,22.52017],[69.95683,22.5171],[69.95091,22.51671],[69.95381,22.5092],[69.97138,22.52099],[69.97317,22.51457],[69.96949,22.51942],[69.96015,22.50955],[69.97039,22.51108],[69.97827,22.50574],[69.97641,22.50335],[69.96718,22.5098],[69.95602,22.50665],[69.96936,22.5039],[69.97112,22.49989],[69.96419,22.50408],[69.96437,22.49983],[69.95969,22.50342],[69.96117,22.49983],[69.95745,22.50448],[69.9563,22.49983],[69.9488,22.50737],[69.94952,22.50375],[69.94395,22.49983],[69.94903,22.5042],[69.94248,22.51216],[69.93619,22.50892],[69.93892,22.50012],[69.93651,22.50819],[69.93484,22.50077],[69.93232,22.5146],[69.90547,22.49805],[69.93323,22.4868],[69.9062,22.49587],[69.88962,22.49513],[69.89636,22.4829],[69.91241,22.46735],[69.9264,22.46429],[69.9206,22.46075],[69.91326,22.46423],[69.91915,22.45629],[69.91301,22.45587],[69.91357,22.45153],[69.89717,22.47908],[69.88329,22.47658],[69.88742,22.47065],[69.8997,22.46896],[69.91067,22.45274],[69.89917,22.46823],[69.88691,22.47007],[69.88235,22.47626],[69.87119,22.47104],[69.86441,22.4636],[69.87185,22.43645],[69.87067,22.42773],[69.86663,22.45907],[69.84479,22.472],[69.82423,22.47293],[69.81357,22.46513],[69.80465,22.46544],[69.80565,22.44809],[69.81046,22.44587],[69.80802,22.44414],[69.81484,22.43376],[69.8211,22.43271],[69.80999,22.43124],[69.80555,22.42347],[69.79715,22.42618],[69.79402,22.42354],[69.79205,22.43076],[69.78196,22.41535],[69.78255,22.41816],[69.77919,22.41657],[69.78677,22.42253],[69.78838,22.43487],[69.77416,22.43362],[69.77927,22.44116],[69.76546,22.44659],[69.77212,22.446],[69.77116,22.45028],[69.77698,22.44471],[69.7838,22.44709],[69.78007,22.44736],[69.78544,22.45204],[69.78133,22.46739],[69.76459,22.47532],[69.75137,22.46081],[69.75475,22.41819],[69.75091,22.41171],[69.7448,22.41279],[69.74239,22.40682],[69.73421,22.40584],[69.7392,22.39771],[69.72595,22.39453],[69.72909,22.3875],[69.72541,22.38662],[69.72749,22.3689],[69.73626,22.36784],[69.74013,22.34037],[69.74492,22.33368],[69.74908,22.33377],[69.75394,22.3208],[69.73269,22.30795],[69.75332,22.2577],[69.76175,22.25129],[69.76182,22.24556],[69.75409,22.24323],[69.75551,22.23715],[69.76042,22.23579],[69.7696,22.21988],[69.79137,22.22075],[69.79072,22.21748],[69.79984,22.21538],[69.80877,22.20675],[69.80997,22.20004],[69.8027,22.18914],[69.81301,22.17618],[69.80972,22.13155],[69.81223,22.12773],[69.82868,22.11933],[69.83617,22.12083],[69.84196,22.13004],[69.85473,22.13444],[69.85817,22.12994],[69.86957,22.12822],[69.89352,22.12862],[69.88318,22.1045],[69.85853,22.08798],[69.85739,22.0439],[69.86566,22.04605],[69.87056,22.03792],[69.86378,22.02491],[69.85354,22.01962],[69.85517,22.01505],[69.86583,22.01755],[69.87056,22.01109],[69.87694,22.01047],[69.8756,22.00044],[69.88696,21.99448],[69.89122,21.97977],[69.89933,21.97377],[69.90297,21.96518],[69.92313,21.96646],[69.93366,21.96068],[69.9268,21.95222],[69.93029,21.94678],[69.92589,21.94439],[69.92821,21.93924],[69.91734,21.93989],[69.91925,21.93381],[69.91531,21.92766],[69.92006,21.92675],[69.91911,21.8997],[69.93608,21.89312],[69.91175,21.87739],[69.9153,21.85092],[69.90972,21.84078],[69.89649,21.8407],[69.89696,21.83504],[69.88738,21.83074],[69.8851,21.83515],[69.87433,21.83308],[69.86976,21.8262],[69.85553,21.8201],[69.8425,21.81988],[69.83913,21.8148],[69.81506,21.82413],[69.81623,21.79355],[69.80872,21.76163],[69.81827,21.74212],[69.83379,21.744],[69.83945,21.7339],[69.84855,21.73213],[69.86713,21.73829],[69.86749,21.75986],[69.86278,21.77041],[69.8662,21.78285],[69.87193,21.78241],[69.88202,21.76807],[69.88334,21.77197],[69.90325,21.78039],[69.92929,21.77938],[69.94349,21.79334],[69.95082,21.78949],[69.96679,21.80019],[69.97356,21.79801],[69.9919,21.80788],[70.0109,21.80481],[70.0076,21.75449],[70.0199,21.74588],[70.0197,21.71341],[70.02459,21.70384],[70.03905,21.69784],[70.04829,21.69915],[70.0606,21.70548],[70.06503,21.71817],[70.0701,21.72475],[70.07649,21.72428],[70.07851,21.73269],[70.07063,21.73879],[70.06276,21.75692],[70.05475,21.75894],[70.05077,21.77518],[70.04085,21.77955],[70.02993,21.79321],[70.03473,21.79172],[70.06022,21.80224],[70.09393,21.80263],[70.08063,21.81979],[70.09014,21.8192],[70.09684,21.82326],[70.10114,21.81747],[70.10921,21.82441],[70.10241,21.83162],[70.0915,21.83191],[70.09024,21.83522],[70.09554,21.84977],[70.10596,21.85084],[70.11649,21.86288],[70.12787,21.86551],[70.12159,21.87503],[70.12349,21.87917],[70.13675,21.88306],[70.14067,21.89085],[70.13935,21.9067],[70.14338,21.90932],[70.13998,21.91476],[70.14454,21.94141],[70.16494,21.93831],[70.17076,21.93134],[70.17643,21.89488],[70.19631,21.89277],[70.21748,21.90612],[70.2183,21.9347],[70.20282,21.96353],[70.21614,21.96773],[70.2472,21.96336],[70.25197,21.96765],[70.25699,21.99521],[70.26559,22.00195],[70.27803,21.99874],[70.28876,22.00589],[70.29966,21.99425],[70.3001,22.00246],[70.29394,22.0132],[70.32616,22.01536],[70.32917,22.02887],[70.32544,22.03098],[70.32538,22.04645],[70.33056,22.05142],[70.34918,22.05271],[70.36129,22.04456],[70.37256,22.04715],[70.38109,22.04156],[70.39799,22.03893],[70.4022,22.03181],[70.41415,22.03582],[70.41274,22.02526],[70.42228,22.03139],[70.43491,22.02932],[70.45254,22.03506],[70.45839,22.04111],[70.4548,22.05124],[70.46113,22.05442],[70.49082,22.05588],[70.49971,22.0501],[70.51553,22.05024],[70.53025,22.04438],[70.53095,22.03961],[70.5255,22.03794],[70.52156,22.03084],[70.52035,22.01917],[70.50041,22.02182],[70.50077,21.99722],[70.50935,22.00248],[70.51123,21.99971],[70.52154,22.00376],[70.52606,22.00181],[70.55309,22.01424],[70.56935,22.02745],[70.57093,22.03706],[70.55621,22.04617],[70.54946,22.04613],[70.54652,22.06098],[70.56174,22.0732],[70.55632,22.08301],[70.55106,22.08104],[70.55384,22.09118],[70.56213,22.09908],[70.58214,22.09947],[70.58829,22.10615],[70.58902,22.11772],[70.57829,22.11703],[70.56982,22.12261],[70.56447,22.12878],[70.56814,22.13206],[70.56235,22.1455],[70.56809,22.16058],[70.58764,22.16692],[70.58119,22.17527],[70.58006,22.18449],[70.59899,22.19315],[70.61497,22.18964],[70.60923,22.19776],[70.59768,22.20136],[70.59599,22.20804],[70.58738,22.20823],[70.5807,22.22264],[70.57869,22.23989],[70.57141,22.23393],[70.54905,22.22938],[70.53645,22.24935],[70.51944,22.24498],[70.50534,22.28347],[70.49746,22.28593],[70.49462,22.29562],[70.47332,22.30914],[70.46899,22.32534],[70.48809,22.32784],[70.49971,22.32263],[70.5148,22.32896],[70.52051,22.33766],[70.5303,22.34024],[70.52994,22.34349],[70.51745,22.3613],[70.51518,22.35894],[70.50059,22.36722],[70.49859,22.36269],[70.48687,22.36239],[70.4865,22.3669],[70.47365,22.3784],[70.48386,22.38463],[70.49149,22.39745],[70.4933,22.4122],[70.50756,22.41332],[70.50591,22.42825],[70.48573,22.42775],[70.47573,22.42294],[70.47204,22.42635],[70.45845,22.41921],[70.44765,22.42728],[70.44532,22.43373],[70.46202,22.43884],[70.45581,22.44934],[70.46186,22.45036],[70.4655,22.46964],[70.47059,22.47061],[70.48004,22.45429],[70.4879,22.44984],[70.49862,22.45189],[70.49827,22.46715],[70.50346,22.46735],[70.50279,22.47157],[70.49921,22.46921],[70.49413,22.47729],[70.49933,22.48987],[70.50432,22.49096],[70.51636,22.46536],[70.51936,22.46683],[70.51964,22.46268],[70.52571,22.46704],[70.53348,22.45847],[70.55262,22.46231],[70.54805,22.47499],[70.54028,22.47924],[70.58691,22.49039],[70.57478,22.51297],[70.55368,22.50102],[70.54256,22.50207],[70.5354,22.49489],[70.52858,22.51538],[70.53607,22.51852],[70.54263,22.53369],[70.56563,22.53373],[70.57152,22.5202],[70.60177,22.531],[70.60009,22.53494],[70.59311,22.53605],[70.5803,22.55232],[70.57138,22.55263],[70.56614,22.54548],[70.55812,22.54482],[70.54912,22.56141],[70.57163,22.61424],[70.57448,22.63428],[70.60799,22.64073],[70.61576,22.65121],[70.61549,22.67289],[70.60988,22.69008],[70.61235,22.69514],[70.62981,22.6986],[70.63333,22.70071],[70.63266,22.70604],[70.64424,22.70314],[70.64573,22.70629],[70.6383,22.72661],[70.63243,22.72399],[70.6207,22.73384],[70.61359,22.76361],[70.62347,22.77929],[70.63651,22.77887],[70.6391,22.78451],[70.64826,22.78685],[70.65115,22.80249],[70.64749,22.81992],[70.64159,22.8233],[70.66309,22.83191],[70.65553,22.84617],[70.65133,22.84398],[70.6454,22.86346],[70.63415,22.8673],[70.62196,22.88185],[70.60542,22.8812],[70.60389,22.89208],[70.59796,22.89124],[70.59297,22.89629],[70.59379,22.90368],[70.58187,22.9085],[70.57903,22.9175],[70.56631,22.91701],[70.55217,22.93081],[70.54549,22.92426],[70.5099,22.937],[70.49672,22.93409],[70.49978,22.93301],[70.49884,22.92263],[70.4967,22.93323],[70.48821,22.9343],[70.49827,22.91413],[70.49154,22.92726]],[[70.42824,22.41301],[70.43791,22.41673],[70.45063,22.39401],[70.44146,22.38767],[70.43185,22.38728],[70.42176,22.37397],[70.42971,22.36588],[70.46181,22.35056],[70.46621,22.33269],[70.4489,22.3279],[70.44117,22.34054],[70.44007,22.35686],[70.40935,22.36118],[70.40403,22.40876],[70.42824,22.41301]]],[[[70.01585,22.60091],[69.99018,22.59681],[69.98951,22.5882],[69.99471,22.58065],[69.9985,22.58078],[69.99347,22.5765],[69.99702,22.57258],[69.99852,22.57647],[70.00005,22.57191],[69.99421,22.57376],[69.98834,22.59048],[69.98543,22.58845],[69.98796,22.57318],[69.99427,22.56986],[69.99448,22.56309],[69.99901,22.56269],[70.0017,22.55446],[70.01094,22.55593],[70.03868,22.57363],[70.03721,22.58824],[70.02268,22.59362],[70.01585,22.60091]]],[[[69.9717,22.5867],[69.95862,22.58426],[69.95862,22.57741],[69.9483,22.57363],[69.94573,22.56603],[69.96081,22.54859],[69.96775,22.55403],[69.95936,22.5585],[69.96914,22.55453],[69.96558,22.56391],[69.96834,22.55911],[69.97052,22.56084],[69.96975,22.55394],[69.97299,22.55237],[69.9686,22.55328],[69.96367,22.5464],[69.97772,22.54857],[69.97584,22.56314],[69.97855,22.55081],[69.98118,22.55592],[69.97539,22.54636],[69.98559,22.54747],[69.98476,22.55233],[69.98638,22.54761],[69.99183,22.54823],[69.99134,22.55352],[69.99352,22.54885],[70.00059,22.55465],[69.98857,22.55765],[69.97303,22.58162],[69.97937,22.57055],[69.97294,22.57735],[69.97054,22.56995],[69.9717,22.5867]]],[[[69.82758,22.49542],[69.82577,22.50117],[69.81761,22.50455],[69.79817,22.49863],[69.78525,22.48868],[69.80138,22.47721],[69.80964,22.47757],[69.82758,22.49542]]]]}},{"type":"Feature","properties":{"district":"Junagadh","code":"JU","source_name":"Junagadh","dtcode11":"479"},"geometry":{"type":"MultiPolygon","coordinates":[[[[70.12093,21.68053],[70.10286,21.66296],[70.10913,21.645],[70.09053,21.6494],[70.07652,21.6409],[70.0564,21.63722],[70.05808,21.6271],[70.03857,21.61239],[70.04072,21.60736],[70.04961,21.61185],[70.06855,21.61027],[70.07373,21.59273],[70.07079,21.58493],[70.04764,21.58659],[70.04705,21.59768],[70.03427,21.5929],[70.03058,21.60203],[70.01969,21.59742],[70.02081,21.59338],[69.99064,21.57927],[69.98384,21.59501],[69.98588,21.60234],[69.96443,21.59166],[69.97568,21.56685],[69.98641,21.57267],[70.00233,21.54349],[69.98244,21.53423],[69.98202,21.53055],[69.9925,21.50774],[69.98484,21.50668],[69.99622,21.47436],[70.00935,21.47833],[70.04094,21.47536],[70.0509,21.45601],[70.05148,21.44504],[70.0303,21.43435],[70.02812,21.44347],[70.02099,21.44456],[69.98133,21.43498],[69.98152,21.427],[69.98719,21.42341],[69.95775,21.41346],[69.96569,21.41282],[69.96595,21.40806],[69.96183,21.40993],[69.96277,21.40252],[69.94403,21.39744],[69.9432,21.39097],[69.9503,21.3858],[69.94149,21.37285],[69.95697,21.34334],[69.97835,21.33585],[69.97645,21.29528],[69.99621,21.2986],[70.01269,21.27813],[70.02566,21.2833],[70.02813,21.2807],[70.02893,21.27365],[70.00273,21.25475],[70.00272,21.24415],[69.98193,21.22781],[70.09089,21.11465],[70.22143,21.0029],[70.24009,20.99253],[70.25584,21.00711],[70.27514,21.01791],[70.27705,21.01362],[70.2936,21.01939],[70.30316,21.00606],[70.3167,21.01412],[70.3285,21.01455],[70.35091,21.03418],[70.35844,21.03133],[70.35563,21.02581],[70.36605,21.02412],[70.37053,21.01778],[70.3628,21.01063],[70.37304,21.00788],[70.37895,21.01487],[70.39307,21.01863],[70.39413,21.0373],[70.40085,21.04662],[70.40082,21.05322],[70.40705,21.05432],[70.41081,21.04789],[70.42193,21.04476],[70.42164,21.04102],[70.43232,21.04856],[70.43552,21.03702],[70.44264,21.03879],[70.44507,21.0358],[70.46024,21.04822],[70.4637,21.05399],[70.45592,21.05436],[70.4504,21.06271],[70.45404,21.0762],[70.44751,21.07954],[70.44797,21.09092],[70.46593,21.09621],[70.47189,21.11348],[70.46464,21.1261],[70.478,21.13056],[70.48011,21.13711],[70.49031,21.14363],[70.49903,21.16287],[70.50295,21.18717],[70.51843,21.18606],[70.53343,21.17549],[70.5495,21.17527],[70.55903,21.18864],[70.56472,21.18736],[70.57545,21.19589],[70.56229,21.2108],[70.56084,21.21843],[70.54127,21.2312],[70.52504,21.28139],[70.52771,21.2907],[70.53464,21.2808],[70.54922,21.28206],[70.55126,21.28754],[70.56365,21.27996],[70.59272,21.28105],[70.6042,21.27158],[70.62228,21.27344],[70.65224,21.26653],[70.65514,21.26251],[70.6687,21.26046],[70.67228,21.25482],[70.70272,21.25944],[70.71033,21.24516],[70.74672,21.23999],[70.75506,21.23257],[70.7589,21.21457],[70.74236,21.18442],[70.74902,21.15638],[70.74365,21.13744],[70.74654,21.13292],[70.7568,21.13006],[70.77775,21.15988],[70.7903,21.1632],[70.79581,21.16245],[70.79794,21.15587],[70.79341,21.1459],[70.79816,21.14413],[70.8052,21.14785],[70.81287,21.14362],[70.81334,21.12152],[70.85127,21.12006],[70.8539,21.12698],[70.84797,21.13419],[70.85346,21.14059],[70.84778,21.14814],[70.85421,21.16132],[70.85168,21.17843],[70.82371,21.19814],[70.82551,21.204],[70.8115,21.22014],[70.80423,21.23709],[70.81052,21.24785],[70.82696,21.25504],[70.82485,21.26142],[70.86138,21.26477],[70.87147,21.26244],[70.89056,21.26849],[70.89139,21.2767],[70.89602,21.27819],[70.89578,21.28724],[70.89961,21.28653],[70.9083,21.29945],[70.92846,21.30344],[70.94372,21.31184],[70.93108,21.34053],[70.92163,21.34858],[70.91539,21.33687],[70.90059,21.32635],[70.88819,21.32378],[70.88186,21.31767],[70.86812,21.31896],[70.86686,21.3335],[70.87475,21.33751],[70.86621,21.37675],[70.86766,21.3798],[70.88034,21.37809],[70.88251,21.3871],[70.8908,21.39588],[70.90502,21.40073],[70.90534,21.38647],[70.91762,21.38337],[70.92314,21.38994],[70.94714,21.39583],[70.94738,21.41886],[70.94594,21.42365],[70.9313,21.42723],[70.92853,21.45681],[70.92354,21.46265],[70.91491,21.46508],[70.90057,21.46041],[70.88906,21.44332],[70.88518,21.44329],[70.875,21.46021],[70.8666,21.46636],[70.83176,21.45672],[70.8275,21.46807],[70.82969,21.48901],[70.83367,21.49437],[70.81005,21.49076],[70.80468,21.51481],[70.83923,21.51018],[70.84692,21.51516],[70.84892,21.53111],[70.86344,21.53388],[70.86559,21.52708],[70.88768,21.52754],[70.89446,21.53493],[70.89021,21.54991],[70.88152,21.5479],[70.87947,21.57732],[70.87312,21.57725],[70.86407,21.59903],[70.82812,21.63468],[70.81607,21.6436],[70.81042,21.63894],[70.7937,21.66609],[70.77755,21.66234],[70.76997,21.64329],[70.74325,21.64086],[70.74164,21.64559],[70.73127,21.64057],[70.72555,21.6292],[70.72628,21.61505],[70.72179,21.61375],[70.72418,21.6108],[70.70143,21.60431],[70.69706,21.60519],[70.68467,21.6233],[70.68246,21.6285],[70.68547,21.63516],[70.67442,21.64378],[70.66039,21.64433],[70.65611,21.64917],[70.64239,21.6521],[70.6345,21.63485],[70.62688,21.63418],[70.60801,21.62076],[70.60072,21.62984],[70.55091,21.63474],[70.5447,21.64533],[70.55375,21.64753],[70.55234,21.67301],[70.54172,21.67586],[70.50595,21.667],[70.50615,21.65592],[70.48863,21.64871],[70.48723,21.65535],[70.45869,21.64995],[70.45108,21.66375],[70.45081,21.67331],[70.44097,21.67401],[70.43637,21.65873],[70.42004,21.65842],[70.41779,21.65244],[70.39058,21.64902],[70.39258,21.64133],[70.38495,21.63823],[70.37399,21.63558],[70.36799,21.63934],[70.37291,21.6237],[70.37005,21.59981],[70.36571,21.59637],[70.33208,21.59015],[70.30375,21.58979],[70.29139,21.57004],[70.29579,21.54617],[70.27939,21.5415],[70.26352,21.52568],[70.25279,21.52967],[70.25497,21.53782],[70.24645,21.56758],[70.27159,21.57589],[70.26523,21.5974],[70.26522,21.6131],[70.26152,21.61542],[70.25556,21.61047],[70.24477,21.61305],[70.22806,21.63852],[70.18727,21.62658],[70.16552,21.61264],[70.13923,21.6118],[70.12695,21.64323],[70.13913,21.64336],[70.15184,21.65301],[70.14896,21.66401],[70.13505,21.66345],[70.12093,21.68053]],[[70.87302,21.41771],[70.87891,21.41996],[70.87975,21.41134],[70.8717,21.40262],[70.86801,21.3895],[70.85152,21.3977],[70.8461,21.40876],[70.85986,21.4085],[70.87302,21.41771]]]]}},{"type":"Feature","properties":{"district":"Kheda","code":"KH","source_name":"Kheda","dtcode11":"483"},"geometry":{"type":"MultiPolygon","coordinates":[[[[73.13397,23.20553],[73.1246,23.19665],[73.12084,23.18699],[73.09246,23.16868],[73.08248,23.17066],[73.07518,23.16715],[73.06982,23.15956],[73.04387,23.16578],[73.03349,23.1622],[73.03225,23.1681],[73.02586,23.1651],[73.01898,23.16899],[73.01925,23.16],[73.01154,23.1585],[73.0134,23.14398],[73.02444,23.14337],[73.02861,23.13703],[73.02722,23.1316],[73.01565,23.12615],[73.00286,23.13095],[73.00719,23.10285],[72.99867,23.09697],[72.99354,23.09881],[72.98162,23.08769],[72.98277,23.07458],[72.99387,23.06932],[72.99746,23.05775],[72.96822,23.06298],[72.96083,23.05941],[72.95893,23.06577],[72.96489,23.06768],[72.96096,23.07368],[72.94521,23.07323],[72.92551,23.08053],[72.92313,23.06972],[72.90585,23.06547],[72.91302,23.05322],[72.90785,23.04829],[72.90466,23.03051],[72.89812,23.02947],[72.89085,23.01869],[72.89273,23.01459],[72.88035,23.01604],[72.87448,23.00909],[72.86025,23.00881],[72.85312,23.0128],[72.84304,23.01007],[72.84849,22.99907],[72.83841,22.99623],[72.83039,22.98399],[72.83169,22.98061],[72.83864,22.9814],[72.84083,22.96277],[72.8271,22.95432],[72.8253,22.95686],[72.81937,22.9538],[72.8044,22.9411],[72.80526,22.93323],[72.79699,22.93178],[72.79896,22.92023],[72.78895,22.9151],[72.79124,22.90785],[72.7601,22.90689],[72.75739,22.91002],[72.74205,22.90562],[72.74119,22.90928],[72.73651,22.90816],[72.73766,22.91334],[72.724,22.91474],[72.72364,22.90906],[72.71543,22.90812],[72.7066,22.88959],[72.68861,22.88003],[72.67365,22.88048],[72.66777,22.88762],[72.67078,22.89152],[72.66698,22.89587],[72.64781,22.89427],[72.64321,22.89781],[72.63422,22.88996],[72.63261,22.88211],[72.61477,22.88815],[72.60743,22.88646],[72.59854,22.8721],[72.59991,22.86656],[72.60867,22.86264],[72.60222,22.83564],[72.60808,22.81347],[72.59798,22.81629],[72.59718,22.8248],[72.58337,22.82342],[72.58145,22.81896],[72.57038,22.82678],[72.55003,22.81485],[72.54778,22.80641],[72.53869,22.80594],[72.52209,22.79569],[72.51435,22.77876],[72.52981,22.7672],[72.52102,22.75264],[72.53911,22.75172],[72.52423,22.73877],[72.52334,22.73366],[72.54069,22.71136],[72.5373,22.70889],[72.52235,22.71221],[72.51802,22.70048],[72.52332,22.69618],[72.54411,22.69292],[72.54227,22.68632],[72.52644,22.68135],[72.52711,22.6779],[72.54965,22.67283],[72.54817,22.6648],[72.5597,22.66509],[72.55943,22.66064],[72.56936,22.65357],[72.53729,22.65214],[72.5317,22.64281],[72.53546,22.62616],[72.52365,22.62946],[72.52156,22.62611],[72.51773,22.63252],[72.51184,22.63308],[72.50589,22.62512],[72.50513,22.61392],[72.51571,22.61182],[72.52052,22.59987],[72.52549,22.59774],[72.52524,22.588],[72.533,22.58789],[72.53238,22.56995],[72.5538,22.56827],[72.55146,22.56086],[72.5575,22.55263],[72.55701,22.54251],[72.56738,22.54342],[72.56701,22.52046],[72.57311,22.52176],[72.57187,22.51206],[72.57656,22.50396],[72.59946,22.50066],[72.60479,22.50947],[72.61746,22.51314],[72.63579,22.50374],[72.64042,22.50501],[72.63802,22.50761],[72.65027,22.51014],[72.65227,22.5009],[72.67141,22.50583],[72.66702,22.53019],[72.64164,22.52922],[72.64054,22.53579],[72.64904,22.54832],[72.66063,22.55346],[72.65995,22.55885],[72.66994,22.56318],[72.66793,22.57294],[72.67472,22.5864],[72.69075,22.59071],[72.69682,22.58205],[72.71051,22.58963],[72.70516,22.5999],[72.6939,22.5994],[72.6888,22.6055],[72.68506,22.62963],[72.7079,22.63418],[72.71733,22.62467],[72.71894,22.63076],[72.72881,22.63007],[72.74014,22.64563],[72.75052,22.63606],[72.76102,22.63416],[72.76777,22.63789],[72.77175,22.63551],[72.78405,22.64348],[72.79654,22.63993],[72.80693,22.62027],[72.82657,22.6264],[72.83451,22.61479],[72.82078,22.60665],[72.82669,22.60371],[72.82632,22.59612],[72.83057,22.5942],[72.85066,22.6016],[72.84983,22.60564],[72.85646,22.60941],[72.85323,22.61843],[72.87129,22.62083],[72.87427,22.60378],[72.86243,22.60132],[72.85925,22.59191],[72.86725,22.58233],[72.89762,22.59486],[72.90078,22.59025],[72.91745,22.59463],[72.92505,22.60589],[72.92981,22.62907],[72.96281,22.63381],[72.97515,22.64161],[72.97635,22.65278],[72.9849,22.65358],[72.99737,22.69994],[73.00924,22.70525],[73.00295,22.72313],[73.01101,22.72741],[73.02176,22.72534],[73.0252,22.73494],[73.0384,22.72932],[73.03588,22.723],[73.04409,22.71335],[73.0518,22.71885],[73.06475,22.71749],[73.09597,22.72836],[73.09955,22.72553],[73.0969,22.71825],[73.1242,22.72253],[73.13952,22.71442],[73.14498,22.69827],[73.15796,22.68132],[73.18279,22.68702],[73.20171,22.68332],[73.20076,22.6694],[73.19454,22.6704],[73.20711,22.65195],[73.21234,22.65163],[73.21975,22.62594],[73.23932,22.64582],[73.26029,22.65672],[73.26927,22.6664],[73.26505,22.69136],[73.25508,22.70562],[73.25189,22.71932],[73.25365,22.74265],[73.25918,22.75044],[73.25503,22.76022],[73.25678,22.7675],[73.26233,22.77582],[73.27487,22.78251],[73.31561,22.7815],[73.36331,22.79879],[73.36276,22.8117],[73.37175,22.82254],[73.37313,22.83642],[73.38194,22.84805],[73.38493,22.86021],[73.38203,22.87056],[73.36736,22.88726],[73.36694,22.89814],[73.3836,22.91573],[73.41938,22.94028],[73.41,22.95551],[73.39278,22.95186],[73.38481,22.95813],[73.37116,22.94007],[73.36297,22.93795],[73.34944,22.92456],[73.32944,22.92811],[73.32516,22.93525],[73.31186,22.94268],[73.30208,22.93278],[73.28833,22.93635],[73.27733,22.93505],[73.26378,22.92667],[73.25847,22.92893],[73.25876,22.94809],[73.25033,22.96447],[73.25286,22.96891],[73.27517,22.97818],[73.26411,23.00093],[73.2415,23.0183],[73.24553,23.0272],[73.24395,23.03816],[73.25704,23.03982],[73.27499,23.05008],[73.27291,23.0583],[73.24113,23.07072],[73.23708,23.08634],[73.23102,23.08654],[73.22517,23.10544],[73.2054,23.11028],[73.20057,23.12567],[73.20184,23.14616],[73.19213,23.14486],[73.1887,23.14997],[73.18835,23.14634],[73.18099,23.14345],[73.1827,23.14126],[73.17078,23.13492],[73.17155,23.13913],[73.16034,23.14975],[73.15039,23.16756],[73.15809,23.17308],[73.15552,23.19285],[73.13397,23.20553]],[[73.2297,23.08567],[73.2297,23.08542],[73.229,23.0847],[73.22903,23.08504],[73.22928,23.08529],[73.22959,23.08548],[73.2297,23.08567]],[[73.04222,22.71807],[73.04237,22.71817],[73.04251,22.71812],[73.04252,22.71811],[73.04251,22.71809],[73.0421,22.71784],[73.04222,22.71807]]]]}},{"type":"Feature","properties":{"district":"Kutch","code":"KA","source_name":"Kachchh","dtcode11":"468"},"geometry":{"type":"MultiPolygon","coordinates":[[[[71.26154,24.62467],[71.11201,24.67568],[71.09655,24.68942],[71.07417,24.66227],[71.04928,24.64887],[71.00844,24.63555],[70.98631,24.59529],[70.99248,24.56383],[70.9874,24.54327],[71.00245,24.53049],[71.00462,24.52324],[70.9961,24.47455],[70.99848,24.4441],[71.00882,24.44496],[71.03723,24.43235],[71.06666,24.43714],[71.10297,24.43587],[71.12557,24.42022],[71.12171,24.40571],[71.10644,24.39654],[71.08413,24.39452],[71.0492,24.35631],[71.02002,24.34778],[71.00324,24.35135],[70.98577,24.36536],[70.95582,24.34943],[70.94694,24.34847],[70.92409,24.32625],[70.87842,24.3017],[70.88203,24.30012],[70.87402,24.29457],[70.87515,24.28053],[70.88246,24.27317],[70.90879,24.26317],[70.90679,24.25923],[70.87675,24.24536],[70.85164,24.24424],[70.83652,24.23117],[70.806,24.22059],[70.71355,24.21541],[70.69475,24.21952],[70.66777,24.21925],[70.58609,24.2469],[70.5829,24.244],[70.58171,24.24814],[70.57108,24.25141],[70.57423,24.26393],[70.5847,24.27775],[70.58434,24.29007],[70.57923,24.2951],[70.58176,24.30404],[70.56179,24.35369],[70.58028,24.36304],[70.60255,24.40788],[70.5731,24.42205],[70.47232,24.3887],[70.41165,24.37519],[70.39232,24.36049],[70.36855,24.35069],[70.3543,24.35402],[70.31631,24.34972],[70.26668,24.33381],[70.2499,24.32425],[70.21804,24.32163],[70.16607,24.30318],[70.13941,24.30271],[70.10999,24.29479],[70.06704,24.19907],[70.05092,24.18932],[70.03872,24.17623],[70.02516,24.171],[69.73152,24.1709],[69.59415,24.29282],[69.55852,24.2807],[69.49142,24.2675],[69.44487,24.28011],[69.40502,24.27075],[69.37486,24.26896],[69.31297,24.2813],[69.19383,24.23622],[69.0949,24.27401],[69.03429,24.23942],[69.02358,24.22972],[69.00335,24.22304],[68.98464,24.2276],[68.965,24.27628],[68.94555,24.30258],[68.90692,24.27985],[68.8802,24.21654],[68.87483,24.21229],[68.86473,24.21275],[68.85731,24.21427],[68.84758,24.23924],[68.84331,24.27798],[68.83064,24.31194],[68.82624,24.31744],[68.82034,24.31241],[68.80816,24.31367],[68.76463,24.29589],[68.76927,24.26441],[68.75295,23.97117],[68.39707,23.97003],[68.39041,23.96636],[68.37879,23.98426],[68.35838,23.97998],[68.33879,23.96622],[68.33605,23.95856],[68.33851,23.93656],[68.33194,23.92398],[68.32333,23.92102],[68.28892,23.93191],[68.28012,23.93065],[68.27101,23.9235],[68.25205,23.89639],[68.21882,23.8831],[68.20844,23.87501],[68.19786,23.83558],[68.20241,23.76611],[68.18487,23.73769],[68.17224,23.696],[68.15725,23.68458],[68.13138,23.67947],[68.12253,23.68483],[68.10051,23.67828],[68.09382,23.6668],[68.09495,23.65295],[68.11931,23.6159],[68.14191,23.60127],[68.18654,23.592],[68.21535,23.59127],[68.23092,23.59506],[68.26427,23.58574],[68.26838,23.58699],[68.27112,23.59472],[68.28819,23.58792],[68.29931,23.59316],[68.30011,23.58281],[68.31014,23.57865],[68.32637,23.49609],[68.4161,23.48668],[68.43095,23.49422],[68.44162,23.50574],[68.44195,23.51793],[68.43476,23.53323],[68.43646,23.53874],[68.44609,23.53334],[68.45207,23.53755],[68.44776,23.52213],[68.45635,23.5114],[68.48037,23.5179],[68.46821,23.50495],[68.44559,23.49708],[68.41829,23.4727],[68.41772,23.46821],[68.42312,23.46811],[68.43888,23.47696],[68.44303,23.47265],[68.43153,23.46425],[68.4133,23.45995],[68.40966,23.44203],[68.40616,23.44465],[68.39999,23.43842],[68.39977,23.4201],[68.41947,23.40635],[68.42693,23.41499],[68.4334,23.41549],[68.4498,23.43678],[68.4528,23.4319],[68.44377,23.41597],[68.44256,23.40238],[68.45926,23.39149],[68.45859,23.3672],[68.48731,23.36238],[68.48718,23.34956],[68.49137,23.35425],[68.49063,23.36344],[68.50065,23.36939],[68.51276,23.3705],[68.52491,23.36137],[68.54969,23.3555],[68.55631,23.35692],[68.56662,23.37343],[68.58087,23.37089],[68.57048,23.37093],[68.56459,23.36388],[68.55924,23.33848],[68.56398,23.33496],[68.58763,23.33732],[68.60801,23.3256],[68.62063,23.32836],[68.61055,23.3209],[68.5824,23.32319],[68.58158,23.3131],[68.56986,23.31657],[68.57608,23.30317],[68.56187,23.31368],[68.54405,23.30078],[68.53216,23.28053],[68.53821,23.26688],[68.53598,23.26136],[68.54421,23.25732],[68.54014,23.2483],[68.55027,23.24905],[68.55939,23.24338],[68.56553,23.24578],[68.56574,23.24986],[68.55234,23.26314],[68.56948,23.26263],[68.59009,23.2545],[68.6013,23.25611],[68.61033,23.26628],[68.61245,23.28802],[68.62311,23.29743],[68.63446,23.3005],[68.61812,23.28462],[68.62307,23.25933],[68.62873,23.25492],[68.61107,23.24441],[68.60589,23.23674],[68.59155,23.24231],[68.58185,23.23937],[68.58387,23.22365],[68.61969,23.18944],[68.61721,23.185],[68.63039,23.17855],[68.63229,23.17031],[68.66076,23.14843],[68.728,23.10728],[68.75947,23.07959],[68.80206,23.06432],[69.00549,22.94751],[69.00033,22.95501],[69.00295,22.95815],[69.00681,22.95073],[69.01025,22.95326],[69.01505,22.94707],[69.0161,22.95059],[69.0211,22.94985],[69.02391,22.94474],[69.00409,22.95177],[69.06308,22.91805],[69.06871,22.92656],[69.06886,22.91836],[69.07931,22.92107],[69.07881,22.91341],[69.08289,22.91042],[69.0787,22.91297],[69.07738,22.91034],[69.08915,22.90663],[69.08509,22.90502],[69.10787,22.89035],[69.10881,22.9002],[69.11143,22.89141],[69.11552,22.89467],[69.12149,22.89047],[69.12506,22.89337],[69.11769,22.891],[69.12101,22.88516],[69.12713,22.8858],[69.12132,22.88156],[69.13052,22.87414],[69.17499,22.85124],[69.16598,22.85999],[69.17167,22.86095],[69.17484,22.85589],[69.18124,22.85758],[69.18676,22.85181],[69.19423,22.85166],[69.19193,22.84606],[69.19632,22.84527],[69.19588,22.83783],[69.20328,22.84147],[69.20133,22.83728],[69.22223,22.83599],[69.22124,22.83869],[69.22774,22.84111],[69.22827,22.84865],[69.23132,22.84168],[69.24692,22.8384],[69.23207,22.84079],[69.23146,22.83487],[69.26796,22.82501],[69.29748,22.83082],[69.3047,22.83757],[69.30157,22.83332],[69.32163,22.83195],[69.34948,22.81992],[69.38127,22.81859],[69.44374,22.7799],[69.43428,22.78784],[69.44536,22.77959],[69.47181,22.77356],[69.49475,22.77968],[69.47003,22.77627],[69.41688,22.81068],[69.42199,22.80886],[69.42459,22.8129],[69.42712,22.80939],[69.44804,22.80802],[69.44917,22.81162],[69.45207,22.80813],[69.45739,22.81409],[69.4577,22.80843],[69.45869,22.81085],[69.46793,22.80311],[69.46797,22.79816],[69.4774,22.79534],[69.48327,22.79886],[69.4829,22.8055],[69.49433,22.79673],[69.50473,22.79878],[69.50237,22.80924],[69.53087,22.7997],[69.53342,22.80165],[69.53047,22.80547],[69.53444,22.8084],[69.53705,22.80388],[69.54622,22.80871],[69.55692,22.80714],[69.55732,22.81053],[69.56732,22.81185],[69.56942,22.81569],[69.57106,22.80945],[69.57601,22.81021],[69.57567,22.81755],[69.58409,22.8122],[69.5878,22.81531],[69.58859,22.81152],[69.59168,22.8142],[69.5989,22.81176],[69.60054,22.80515],[69.60596,22.80277],[69.61833,22.81207],[69.62528,22.80833],[69.63433,22.81158],[69.63694,22.80498],[69.64726,22.80875],[69.64747,22.79601],[69.68245,22.79979],[69.68957,22.80657],[69.69156,22.80364],[69.70461,22.80431],[69.70804,22.80568],[69.70566,22.80901],[69.71217,22.81064],[69.71286,22.80573],[69.71995,22.80872],[69.72493,22.81517],[69.73203,22.81627],[69.73032,22.82081],[69.73576,22.81657],[69.76866,22.82623],[69.80071,22.85088],[69.81239,22.84979],[69.85632,22.86855],[69.87949,22.87117],[69.87769,22.87399],[69.88784,22.87093],[69.88722,22.87536],[69.8907,22.87536],[69.89879,22.87109],[69.91031,22.87839],[69.91199,22.88634],[69.91821,22.88584],[69.91935,22.8899],[69.93071,22.89409],[69.9271,22.89585],[69.95875,22.89845],[69.96229,22.89342],[69.95908,22.89911],[69.99959,22.90651],[69.9931,22.91137],[70.00735,22.90522],[70.00458,22.90825],[70.00906,22.90609],[70.00803,22.91294],[70.01073,22.90732],[70.0143,22.91341],[70.01795,22.9103],[70.02702,22.91574],[70.0532,22.92077],[70.06517,22.91899],[70.07228,22.92127],[70.07083,22.9245],[70.076,22.92381],[70.0746,22.91963],[70.08027,22.91983],[70.08262,22.92189],[70.0796,22.92668],[70.08226,22.92586],[70.0846,22.93051],[70.08141,22.93061],[70.08503,22.93265],[70.07402,22.93398],[70.06921,22.92794],[70.07172,22.9351],[70.06463,22.9307],[70.06141,22.93253],[70.06974,22.93591],[70.06252,22.93861],[70.07286,22.94316],[70.06729,22.94174],[70.06401,22.94605],[70.05559,22.93783],[70.05707,22.9423],[70.05128,22.94088],[70.05924,22.94889],[70.05178,22.94413],[70.05607,22.94826],[70.04104,22.94748],[70.03584,22.95286],[70.05338,22.95057],[70.06302,22.95499],[70.06243,22.96641],[70.06843,22.95762],[70.09053,22.97017],[70.0835,22.9777],[70.09348,22.9715],[70.1078,22.97779],[70.11883,22.99184],[70.11835,22.99681],[70.12213,22.99642],[70.13301,23.01085],[70.13907,23.02627],[70.15017,23.03108],[70.14825,23.03465],[70.15907,23.03474],[70.14934,23.03683],[70.16477,23.05368],[70.16821,23.06308],[70.16499,23.06724],[70.17222,23.05881],[70.169,23.06503],[70.17559,23.07004],[70.18306,23.06655],[70.18857,23.07374],[70.18068,23.07671],[70.19055,23.08566],[70.18494,23.0861],[70.19526,23.09512],[70.19837,23.10431],[70.20897,23.10826],[70.20745,23.11527],[70.21583,23.1292],[70.22812,23.12769],[70.22459,23.13969],[70.2158,23.14178],[70.21988,23.14596],[70.23756,23.13788],[70.24425,23.1489],[70.24531,23.16346],[70.2338,23.16254],[70.2337,23.15575],[70.22715,23.15746],[70.22787,23.16007],[70.23259,23.16461],[70.24268,23.16449],[70.23823,23.16869],[70.24243,23.17398],[70.24037,23.16824],[70.25808,23.16882],[70.26487,23.16166],[70.30887,23.18133],[70.30869,23.19231],[70.30125,23.19373],[70.30271,23.19947],[70.29675,23.20045],[70.29995,23.20408],[70.2941,23.20754],[70.30136,23.20474],[70.29786,23.21001],[70.3022,23.20828],[70.3123,23.21538],[70.31725,23.21158],[70.33712,23.21461],[70.33569,23.21179],[70.33976,23.21052],[70.37155,23.21911],[70.38175,23.21854],[70.38508,23.21443],[70.3874,23.21789],[70.38924,23.21386],[70.40743,23.21771],[70.41749,23.21037],[70.42354,23.21202],[70.42464,23.21652],[70.42775,23.21494],[70.42592,23.21195],[70.43171,23.21513],[70.42382,23.20648],[70.46014,23.20015],[70.4613,23.19655],[70.46355,23.19913],[70.47611,23.19345],[70.47553,23.19648],[70.47597,23.19017],[70.48609,23.19102],[70.50519,23.17663],[70.58247,23.17762],[70.63586,23.18542],[70.64674,23.21383],[70.66672,23.22894],[70.69718,23.21145],[70.70146,23.21549],[70.7117,23.2143],[70.71788,23.18922],[70.70361,23.17266],[70.71265,23.15482],[70.68433,23.14054],[70.68881,23.11729],[70.74804,23.14656],[70.75631,23.14205],[70.76511,23.14574],[70.76554,23.15387],[70.75963,23.16081],[70.76424,23.1664],[70.77353,23.1684],[70.77234,23.16322],[70.78204,23.15873],[70.79064,23.16617],[70.79345,23.16204],[70.78494,23.15607],[70.78684,23.15105],[70.7951,23.15381],[70.79591,23.15965],[70.80735,23.16131],[70.80902,23.16495],[70.81195,23.16086],[70.81574,23.16493],[70.81823,23.15896],[70.81266,23.14838],[70.81633,23.14855],[70.82017,23.13979],[70.81497,23.13722],[70.83414,23.12878],[70.82932,23.12636],[70.83325,23.12208],[70.82829,23.12207],[70.82743,23.11229],[70.82281,23.11073],[70.82941,23.10573],[70.82916,23.10057],[70.82156,23.09515],[70.82763,23.08008],[70.83333,23.08872],[70.83133,23.09671],[70.8381,23.09234],[70.83542,23.11224],[70.84209,23.10948],[70.84192,23.11761],[70.84743,23.11733],[70.85788,23.13008],[70.84773,23.14237],[70.82694,23.15006],[70.82939,23.1581],[70.83434,23.15161],[70.87452,23.13792],[70.87536,23.12204],[70.88116,23.12486],[70.88067,23.13543],[70.8871,23.13607],[70.88992,23.13173],[70.90474,23.13544],[70.90049,23.13756],[70.8998,23.14394],[70.88978,23.141],[70.89315,23.16262],[70.93683,23.16248],[70.94445,23.15053],[70.92983,23.13822],[70.94562,23.14049],[70.94608,23.13286],[70.94962,23.13186],[70.95832,23.13624],[70.95296,23.1421],[70.961,23.13723],[70.9694,23.13932],[70.95315,23.14508],[70.95973,23.14526],[70.95219,23.15106],[70.95298,23.17072],[70.96399,23.17474],[70.95976,23.16773],[70.9644,23.16579],[70.96456,23.15545],[70.96856,23.15996],[70.98035,23.16006],[70.98486,23.16723],[70.98347,23.17206],[71.00114,23.16959],[71.00855,23.1721],[71.00101,23.17458],[71.00629,23.17684],[71.0307,23.16762],[71.04462,23.16972],[71.0467,23.16177],[71.04502,23.16921],[71.06552,23.17704],[71.06622,23.18185],[71.08145,23.19375],[71.08895,23.19337],[71.08488,23.19654],[71.10931,23.22215],[71.11138,23.21678],[71.12452,23.20965],[71.12225,23.2056],[71.1304,23.20988],[71.14624,23.20305],[71.1474,23.19904],[71.15146,23.2027],[71.16334,23.1772],[71.17636,23.189],[71.1838,23.18177],[71.18728,23.18675],[71.20649,23.18251],[71.21675,23.16424],[71.22434,23.15887],[71.20843,23.13784],[71.22219,23.14685],[71.23463,23.14143],[71.23754,23.14797],[71.23353,23.14909],[71.23696,23.14879],[71.24066,23.15575],[71.24113,23.15082],[71.24735,23.15169],[71.24661,23.14785],[71.25004,23.15267],[71.26877,23.15578],[71.28593,23.14974],[71.2838,23.15772],[71.27774,23.16228],[71.27976,23.16745],[71.28411,23.16941],[71.28716,23.16377],[71.29124,23.17521],[71.30053,23.17976],[71.30259,23.16864],[71.31212,23.16621],[71.31553,23.18226],[71.31981,23.18605],[71.32555,23.17322],[71.33336,23.17138],[71.33206,23.1611],[71.34071,23.16246],[71.35003,23.17437],[71.36059,23.17291],[71.36534,23.15925],[71.38922,23.15362],[71.38678,23.14678],[71.39018,23.1457],[71.39625,23.15304],[71.42488,23.14164],[71.42963,23.1471],[71.44478,23.14607],[71.44977,23.13205],[71.45385,23.13888],[71.46719,23.13954],[71.4755,23.14643],[71.50022,23.15196],[71.50332,23.14979],[71.50672,23.15532],[71.51261,23.15046],[71.51564,23.15836],[71.52072,23.15332],[71.52257,23.15613],[71.53889,23.15498],[71.54666,23.14951],[71.55075,23.14016],[71.55566,23.14045],[71.55448,23.14365],[71.56169,23.13848],[71.56938,23.14197],[71.56766,23.13714],[71.57267,23.13757],[71.57066,23.1348],[71.57376,23.13285],[71.58989,23.1355],[71.59422,23.13233],[71.60134,23.14375],[71.60594,23.13478],[71.61056,23.1446],[71.61299,23.13954],[71.64069,23.14415],[71.66198,23.13833],[71.6696,23.14299],[71.6683,23.13888],[71.67237,23.13455],[71.68536,23.12893],[71.68913,23.13116],[71.68999,23.12453],[71.70835,23.11552],[71.71035,23.09516],[71.71987,23.09064],[71.72516,23.09898],[71.72245,23.10343],[71.72654,23.10407],[71.72759,23.11162],[71.73598,23.11934],[71.74954,23.12199],[71.76122,23.11703],[71.75935,23.12483],[71.74492,23.13581],[71.75936,23.14252],[71.76245,23.15762],[71.75019,23.16755],[71.7485,23.17798],[71.73237,23.17698],[71.72397,23.16508],[71.70283,23.17247],[71.70017,23.17521],[71.7064,23.185],[71.72066,23.19852],[71.70903,23.20076],[71.68929,23.18181],[71.68299,23.18441],[71.67681,23.20193],[71.65757,23.20746],[71.67068,23.22631],[71.6536,23.23225],[71.65367,23.23671],[71.66188,23.2412],[71.68804,23.24037],[71.69624,23.24363],[71.69718,23.24809],[71.69496,23.25261],[71.68675,23.24923],[71.67785,23.25786],[71.65966,23.26001],[71.66352,23.26665],[71.6603,23.27434],[71.67585,23.27472],[71.67744,23.28854],[71.6746,23.29307],[71.67134,23.28801],[71.65921,23.29038],[71.64673,23.27866],[71.63973,23.28629],[71.6356,23.28467],[71.63594,23.28991],[71.62909,23.29139],[71.64383,23.30509],[71.65148,23.31836],[71.64141,23.33816],[71.61608,23.35442],[71.60343,23.35128],[71.58716,23.35539],[71.58364,23.36298],[71.5616,23.35222],[71.56678,23.3617],[71.58574,23.36494],[71.6008,23.37502],[71.59441,23.37761],[71.58347,23.36888],[71.56657,23.36891],[71.56381,23.37277],[71.57218,23.39041],[71.58927,23.39706],[71.58101,23.40014],[71.5818,23.40549],[71.60288,23.42358],[71.59276,23.42299],[71.57004,23.4115],[71.56015,23.43105],[71.56128,23.44029],[71.55418,23.44268],[71.54792,23.45576],[71.53218,23.46091],[71.53377,23.47878],[71.50804,23.45613],[71.50755,23.48726],[71.51941,23.49988],[71.52032,23.52769],[71.51194,23.52332],[71.50814,23.51143],[71.49493,23.50015],[71.47741,23.49368],[71.45351,23.47112],[71.44525,23.46922],[71.44818,23.53587],[71.47349,23.55602],[71.4222,23.5635],[71.4186,23.56719],[71.4167,23.57847],[71.4268,23.60315],[71.42333,23.6095],[71.42511,23.62869],[71.39387,23.60267],[71.37557,23.64959],[71.35108,23.65624],[71.33363,23.64868],[71.30436,23.64559],[71.22187,23.65625],[71.22066,23.66675],[71.21333,23.67839],[71.22395,23.6878],[71.22381,23.69396],[71.21802,23.69884],[71.22522,23.71378],[71.21729,23.72153],[71.21776,23.72933],[71.20697,23.73855],[71.19585,23.73838],[71.19013,23.73389],[71.18964,23.73909],[71.17472,23.7442],[71.17752,23.72877],[71.1443,23.7299],[71.14787,23.72685],[71.1446,23.71682],[71.15202,23.71983],[71.1521,23.71286],[71.15795,23.71236],[71.16226,23.72137],[71.17139,23.71362],[71.18083,23.7158],[71.14892,23.68342],[71.14333,23.67407],[71.14956,23.67361],[71.1496,23.6681],[71.13667,23.66391],[71.13108,23.65176],[71.13169,23.64302],[71.13674,23.64393],[71.13899,23.63732],[71.13557,23.62771],[71.09668,23.61464],[71.09405,23.61488],[71.09489,23.62466],[71.08945,23.62441],[71.08577,23.61736],[71.09274,23.6066],[71.08086,23.59839],[71.07439,23.60631],[71.06628,23.60892],[71.06836,23.61604],[71.0635,23.6229],[71.05237,23.6202],[71.04697,23.62495],[71.03656,23.64536],[71.0346,23.66161],[71.03926,23.68074],[71.06955,23.68843],[71.05712,23.72072],[71.05715,23.73731],[71.07283,23.73023],[71.06488,23.74153],[71.05378,23.74365],[71.05868,23.75518],[71.05455,23.76005],[71.05597,23.78665],[71.04452,23.79039],[71.04314,23.80447],[71.04662,23.80939],[71.06124,23.80533],[71.06542,23.81576],[71.06935,23.81692],[71.0635,23.8249],[71.07214,23.82319],[71.07434,23.82971],[71.06762,23.83025],[71.06378,23.83828],[71.07115,23.84379],[71.07979,23.87484],[71.09747,23.90186],[71.10347,23.90578],[71.11928,23.90517],[71.12793,23.90795],[71.12749,23.91101],[71.14028,23.91022],[71.15803,23.92048],[71.17616,23.92009],[71.17771,23.93052],[71.19354,23.9208],[71.21824,23.93598],[71.23304,23.93001],[71.23888,23.91848],[71.25441,23.92127],[71.2477,23.92835],[71.25313,23.93314],[71.26028,23.93189],[71.26508,23.92108],[71.27307,23.92241],[71.27545,23.92767],[71.2708,23.93288],[71.27429,23.9343],[71.2798,23.9281],[71.29953,23.92755],[71.298,23.93416],[71.302,23.93336],[71.28889,23.94831],[71.30157,23.95489],[71.29825,23.96725],[71.31911,23.98362],[71.30924,23.99319],[71.2954,23.98687],[71.28504,23.9915],[71.29163,24.01961],[71.3219,24.05215],[71.30831,24.05642],[71.30488,24.06253],[71.31569,24.07175],[71.31136,24.07475],[71.31754,24.07858],[71.31389,24.08196],[71.31637,24.09597],[71.3364,24.10482],[71.33363,24.11621],[71.33154,24.11954],[71.32842,24.11637],[71.325,24.11958],[71.30202,24.12114],[71.30442,24.12505],[71.30176,24.12904],[71.29387,24.13306],[71.2822,24.13249],[71.2728,24.14126],[71.27182,24.14455],[71.28551,24.14957],[71.26782,24.15908],[71.25762,24.15883],[71.27279,24.17619],[71.28225,24.17387],[71.30214,24.15977],[71.30943,24.16604],[71.32496,24.16417],[71.32894,24.17182],[71.33062,24.16422],[71.33341,24.16673],[71.33756,24.16364],[71.34533,24.16844],[71.34357,24.17713],[71.3452,24.17389],[71.35839,24.17304],[71.36072,24.17725],[71.35639,24.18139],[71.36076,24.18559],[71.34836,24.18768],[71.32597,24.18202],[71.32561,24.19014],[71.32974,24.19556],[71.31756,24.19783],[71.30293,24.20734],[71.30024,24.2147],[71.30997,24.22196],[71.29053,24.22493],[71.27982,24.23642],[71.28585,24.2408],[71.28832,24.2385],[71.29179,24.24801],[71.28556,24.24848],[71.28542,24.24192],[71.2828,24.24994],[71.27713,24.25029],[71.27426,24.25763],[71.27704,24.26326],[71.28381,24.26569],[71.28928,24.25815],[71.30275,24.25961],[71.29722,24.266],[71.29991,24.27269],[71.30502,24.27129],[71.30099,24.27745],[71.3033,24.28186],[71.29461,24.30085],[71.31043,24.31167],[71.31417,24.32194],[71.3167,24.3169],[71.32119,24.31926],[71.31985,24.32354],[71.32554,24.32181],[71.37482,24.33376],[71.38197,24.34786],[71.37113,24.35068],[71.37589,24.35329],[71.38404,24.35059],[71.37247,24.37043],[71.37357,24.3784],[71.36721,24.37574],[71.36203,24.38395],[71.36612,24.39139],[71.34607,24.38665],[71.34737,24.3924],[71.32298,24.39409],[71.31894,24.40238],[71.32426,24.41346],[71.33774,24.42558],[71.34303,24.42528],[71.3438,24.43181],[71.33617,24.43029],[71.32052,24.44539],[71.33117,24.46072],[71.33765,24.45581],[71.34923,24.45745],[71.3444,24.46606],[71.33389,24.47004],[71.34233,24.47528],[71.33137,24.47923],[71.34533,24.49987],[71.34848,24.51748],[71.29238,24.51901],[71.257,24.50742],[71.26024,24.53324],[71.2664,24.53417],[71.28073,24.55253],[71.28941,24.55569],[71.28605,24.55917],[71.29728,24.5642],[71.29913,24.57729],[71.30107,24.5747],[71.30683,24.58931],[71.28485,24.59351],[71.28782,24.61593],[71.26154,24.62467]]],[[[68.5398,23.34728],[68.52055,23.35092],[68.49759,23.33272],[68.49986,23.32182],[68.52418,23.31092],[68.51481,23.29677],[68.51481,23.29202],[68.52017,23.2887],[68.52756,23.29073],[68.52978,23.2987],[68.52678,23.31024],[68.53565,23.32087],[68.55438,23.32909],[68.55238,23.34893],[68.5398,23.34728]]]]}},{"type":"Feature","properties":{"district":"Mahisagar","code":"MS","source_name":"Mahisagar","dtcode11":"730"},"geometry":{"type":"MultiPolygon","coordinates":[[[[73.69257,23.45833],[73.66169,23.44867],[73.64747,23.43637],[73.63604,23.44898],[73.62723,23.44849],[73.62044,23.43269],[73.63196,23.42141],[73.62326,23.40061],[73.61541,23.3968],[73.61188,23.38907],[73.5939,23.3833],[73.58624,23.36502],[73.56399,23.34604],[73.55732,23.3174],[73.54025,23.3082],[73.53424,23.2919],[73.52719,23.28608],[73.48737,23.27606],[73.4741,23.26904],[73.4723,23.28881],[73.43635,23.27726],[73.40811,23.26259],[73.37577,23.2392],[73.37348,23.23669],[73.3842,23.22025],[73.35449,23.21079],[73.3508,23.20342],[73.34118,23.20076],[73.34671,23.18945],[73.34161,23.18198],[73.34984,23.18404],[73.3556,23.17678],[73.37445,23.17146],[73.37015,23.16542],[73.36905,23.1469],[73.3734,23.13848],[73.36435,23.13145],[73.35498,23.13871],[73.33772,23.13073],[73.33588,23.12244],[73.34216,23.10373],[73.33063,23.09862],[73.32606,23.08198],[73.30724,23.08579],[73.29894,23.08383],[73.283,23.06352],[73.27266,23.05879],[73.27499,23.05008],[73.25704,23.03982],[73.24395,23.03816],[73.24553,23.0272],[73.2415,23.0183],[73.26411,23.00093],[73.27517,22.97818],[73.25286,22.96891],[73.25033,22.96447],[73.25876,22.94809],[73.25716,22.93141],[73.26109,22.92658],[73.27913,22.9354],[73.30208,22.93278],[73.31186,22.94268],[73.32516,22.93525],[73.32944,22.92811],[73.34944,22.92456],[73.36297,22.93795],[73.37116,22.94007],[73.38481,22.95813],[73.39278,22.95186],[73.41,22.95551],[73.4161,22.9431],[73.41938,22.94028],[73.42385,22.94295],[73.44926,22.97018],[73.43541,23.00262],[73.43692,23.0326],[73.44601,23.03033],[73.4498,23.02252],[73.44791,23.01599],[73.45237,23.01437],[73.45581,23.00286],[73.47145,23.00063],[73.47303,22.98825],[73.4783,22.98686],[73.47606,22.98276],[73.48501,22.9942],[73.49524,22.99508],[73.503,22.99476],[73.50274,22.988],[73.50836,22.98807],[73.50965,22.98334],[73.51767,22.98592],[73.52417,22.9811],[73.5245,22.98611],[73.53315,22.98786],[73.5352,22.99365],[73.56212,22.98544],[73.58433,22.98713],[73.59478,22.99209],[73.60821,23.00638],[73.61833,23.01717],[73.61941,23.02449],[73.63151,23.01159],[73.63633,23.01738],[73.64324,23.01504],[73.65644,23.0203],[73.64107,23.0202],[73.63181,23.02619],[73.62878,23.03976],[73.64199,23.05856],[73.65189,23.06484],[73.66416,23.09578],[73.67338,23.10432],[73.68202,23.0921],[73.69153,23.0938],[73.70286,23.08228],[73.71063,23.07208],[73.71037,23.06388],[73.71676,23.05361],[73.66992,23.03303],[73.66762,23.02075],[73.67392,23.01917],[73.69661,23.02754],[73.70262,23.02138],[73.71635,23.02347],[73.71933,23.03609],[73.7238,23.03629],[73.73233,23.03302],[73.73652,23.01308],[73.74134,23.01162],[73.75564,23.02525],[73.75778,23.03864],[73.76438,23.03826],[73.76883,23.04403],[73.76752,23.05543],[73.74878,23.05992],[73.74473,23.06924],[73.75632,23.07476],[73.77386,23.0755],[73.80907,23.10891],[73.81378,23.10108],[73.84244,23.08678],[73.8448,23.07766],[73.86029,23.06018],[73.88121,23.05716],[73.88516,23.05236],[73.90033,23.04911],[73.90808,23.05269],[73.90669,23.08101],[73.91773,23.09192],[73.94225,23.09826],[73.94609,23.11066],[73.9534,23.1086],[73.96209,23.11277],[73.96863,23.10003],[73.98244,23.09845],[73.99829,23.0856],[74.02036,23.09256],[74.00495,23.1086],[74.00362,23.11735],[73.99391,23.11565],[73.97556,23.12402],[73.97824,23.13703],[73.98142,23.13956],[73.99509,23.13606],[73.99542,23.14519],[73.99215,23.1477],[73.99227,23.16031],[73.97374,23.17208],[73.97189,23.17995],[73.97519,23.18459],[73.97287,23.1887],[73.98359,23.191],[73.98003,23.19982],[73.98568,23.20789],[73.98209,23.21153],[73.97955,23.20779],[73.96774,23.20681],[73.96474,23.22471],[73.98539,23.21847],[73.99271,23.22784],[73.99038,23.2401],[73.99428,23.24841],[73.98328,23.26147],[73.98797,23.2815],[73.99723,23.28907],[73.98612,23.30133],[73.9847,23.31001],[73.99782,23.33566],[73.98195,23.33778],[73.98423,23.35267],[73.97951,23.35531],[73.98043,23.36231],[73.97495,23.37213],[73.95911,23.38106],[73.93801,23.36785],[73.93941,23.34433],[73.93566,23.33965],[73.89195,23.33404],[73.89268,23.3482],[73.88726,23.3572],[73.87435,23.36359],[73.87298,23.37938],[73.86778,23.37797],[73.86923,23.38183],[73.8618,23.38355],[73.86363,23.38941],[73.83026,23.42616],[73.83315,23.43575],[73.82873,23.44762],[73.81862,23.43838],[73.80346,23.4377],[73.7863,23.43015],[73.779,23.43123],[73.77659,23.43771],[73.77231,23.43774],[73.76771,23.45285],[73.75575,23.45424],[73.75087,23.44193],[73.72877,23.42314],[73.72083,23.41006],[73.7081,23.42224],[73.71166,23.43543],[73.70513,23.43812],[73.70429,23.45136],[73.69257,23.45833]]]]}},{"type":"Feature","properties":{"district":"Mehsana","code":"MH","source_name":"Mahesana","dtcode11":"471"},"geometry":{"type":"MultiPolygon","coordinates":[[[[72.71451,24.09851],[72.70646,24.09124],[72.70469,24.08397],[72.68587,24.07298],[72.67002,24.07116],[72.65225,24.08366],[72.64405,24.07518],[72.6371,24.07588],[72.63567,24.06431],[72.62003,24.05377],[72.62527,24.04599],[72.63068,24.04768],[72.63684,24.04217],[72.63991,24.02379],[72.64847,24.0268],[72.65074,23.99387],[72.64617,23.98935],[72.62908,23.99362],[72.61872,23.98551],[72.60181,23.98456],[72.60014,23.97981],[72.59093,23.97728],[72.58734,23.9721],[72.58989,23.96575],[72.58574,23.96224],[72.5863,23.9543],[72.59072,23.95271],[72.58437,23.93591],[72.56595,23.93343],[72.56028,23.9383],[72.5455,23.94029],[72.53467,23.93497],[72.52475,23.94399],[72.51071,23.93449],[72.48263,23.93419],[72.47774,23.92698],[72.47255,23.89563],[72.46567,23.89136],[72.45519,23.89825],[72.45196,23.90735],[72.44488,23.9078],[72.44301,23.89571],[72.43719,23.89556],[72.43252,23.90132],[72.42941,23.89651],[72.42289,23.90106],[72.4213,23.89451],[72.41766,23.89479],[72.41334,23.88549],[72.40828,23.88565],[72.40337,23.87497],[72.39787,23.87168],[72.39137,23.87592],[72.39043,23.87108],[72.3856,23.87209],[72.38067,23.86728],[72.37297,23.86888],[72.36582,23.87968],[72.35662,23.88356],[72.34555,23.8778],[72.3283,23.88055],[72.32281,23.87232],[72.32671,23.86642],[72.32577,23.85236],[72.296,23.85253],[72.29302,23.84939],[72.2967,23.84078],[72.30212,23.84203],[72.30719,23.82252],[72.31423,23.82418],[72.31808,23.81171],[72.30794,23.80974],[72.30726,23.80347],[72.30124,23.8028],[72.30281,23.79301],[72.29495,23.77992],[72.30464,23.77291],[72.31159,23.7755],[72.31265,23.7688],[72.32124,23.7671],[72.31969,23.7575],[72.30476,23.75043],[72.30354,23.74458],[72.29122,23.74232],[72.29149,23.73496],[72.28678,23.73138],[72.28959,23.71482],[72.28386,23.7112],[72.29109,23.71019],[72.29126,23.70569],[72.28436,23.68588],[72.28969,23.68188],[72.30415,23.68714],[72.30465,23.68009],[72.31044,23.67434],[72.3048,23.65823],[72.30467,23.6403],[72.29163,23.62046],[72.28487,23.61741],[72.28019,23.6253],[72.27341,23.62387],[72.27233,23.62741],[72.26014,23.63131],[72.26066,23.64067],[72.25528,23.64679],[72.24885,23.64304],[72.24515,23.6272],[72.2282,23.61748],[72.22099,23.62619],[72.20753,23.62468],[72.19961,23.63276],[72.19473,23.63291],[72.19459,23.63994],[72.18356,23.64133],[72.17619,23.63566],[72.1761,23.63061],[72.18252,23.62544],[72.17726,23.61076],[72.16004,23.60615],[72.14718,23.61252],[72.13961,23.60688],[72.13868,23.60144],[72.1294,23.60052],[72.12106,23.60957],[72.11241,23.60555],[72.11359,23.60247],[72.10382,23.59414],[72.10779,23.57125],[72.08823,23.57146],[72.08051,23.56606],[72.0613,23.56548],[72.05994,23.57319],[72.07217,23.58406],[72.07145,23.58963],[72.05766,23.59729],[72.05982,23.60182],[72.05543,23.60711],[72.06181,23.6137],[72.04944,23.61972],[72.03319,23.6147],[72.01377,23.62984],[72.00255,23.62027],[71.98095,23.61838],[71.98221,23.60114],[71.96359,23.59754],[71.95414,23.59147],[71.95182,23.58531],[71.93536,23.58105],[71.95276,23.57514],[71.95576,23.54822],[71.96252,23.53413],[71.96865,23.53201],[71.96914,23.5255],[71.97944,23.51962],[71.97999,23.50238],[72.00185,23.49843],[72.03447,23.50807],[72.03203,23.48815],[72.0258,23.47791],[72.0333,23.47036],[72.03397,23.45711],[72.0429,23.45818],[72.05196,23.44322],[72.08777,23.4593],[72.0992,23.45965],[72.10909,23.44964],[72.12759,23.45377],[72.14004,23.44899],[72.1425,23.45212],[72.15307,23.45123],[72.17178,23.4441],[72.17179,23.42741],[72.19104,23.41646],[72.19172,23.42228],[72.21176,23.42389],[72.21142,23.43861],[72.22531,23.43772],[72.2292,23.42954],[72.23946,23.43047],[72.23844,23.44005],[72.24317,23.4391],[72.24856,23.45609],[72.25466,23.45747],[72.25815,23.46387],[72.26604,23.46329],[72.2741,23.44662],[72.28763,23.44574],[72.2792,23.43128],[72.29846,23.41522],[72.29092,23.40818],[72.28851,23.39306],[72.27357,23.38613],[72.2749,23.3796],[72.26028,23.37445],[72.26671,23.35204],[72.2586,23.3435],[72.25409,23.34369],[72.24792,23.33675],[72.25097,23.33282],[72.24533,23.32835],[72.23096,23.32553],[72.23016,23.32911],[72.22139,23.31274],[72.20878,23.31364],[72.20036,23.29378],[72.2005,23.27937],[72.18304,23.28214],[72.17496,23.27274],[72.17501,23.25934],[72.18518,23.24681],[72.18032,23.24128],[72.18499,23.21397],[72.16773,23.19757],[72.17319,23.17829],[72.18347,23.16913],[72.18792,23.14404],[72.16189,23.14016],[72.16122,23.11606],[72.15445,23.11284],[72.16033,23.10902],[72.15954,23.1056],[72.19123,23.10677],[72.19449,23.11863],[72.22001,23.12483],[72.23849,23.12006],[72.24191,23.11243],[72.25768,23.10665],[72.26129,23.10152],[72.25657,23.08727],[72.27911,23.08445],[72.28277,23.08003],[72.2804,23.05934],[72.2954,23.03869],[72.32302,23.05566],[72.3229,23.06793],[72.30507,23.08537],[72.30587,23.09651],[72.3104,23.10224],[72.32124,23.10755],[72.33654,23.10695],[72.3441,23.12629],[72.35782,23.12273],[72.36906,23.10776],[72.37086,23.10215],[72.36748,23.0972],[72.37076,23.09587],[72.37759,23.10746],[72.38593,23.11124],[72.38681,23.11826],[72.40282,23.12538],[72.40106,23.13367],[72.41748,23.13059],[72.42741,23.14351],[72.42903,23.15088],[72.41796,23.15527],[72.41642,23.14986],[72.39744,23.14782],[72.3869,23.15384],[72.38409,23.16356],[72.38429,23.17169],[72.40238,23.18738],[72.41533,23.18675],[72.41552,23.2033],[72.4228,23.20914],[72.43905,23.19526],[72.44812,23.19574],[72.44894,23.20052],[72.43977,23.2042],[72.4394,23.2161],[72.43262,23.22265],[72.43129,23.23925],[72.4263,23.24374],[72.42642,23.24879],[72.44651,23.24452],[72.44609,23.25527],[72.43312,23.26373],[72.42569,23.26243],[72.42707,23.25751],[72.42313,23.25752],[72.41214,23.28068],[72.42709,23.30613],[72.43715,23.31065],[72.44821,23.30432],[72.45089,23.29788],[72.46326,23.29739],[72.47506,23.30242],[72.47636,23.30662],[72.46567,23.31165],[72.46021,23.30966],[72.45917,23.31347],[72.48041,23.31292],[72.48409,23.31999],[72.47183,23.34444],[72.47722,23.34595],[72.48996,23.33999],[72.51141,23.35009],[72.52135,23.35046],[72.5248,23.36316],[72.51028,23.37331],[72.50414,23.38442],[72.5115,23.3959],[72.52736,23.40452],[72.52412,23.41676],[72.52636,23.42491],[72.53093,23.42345],[72.54527,23.42977],[72.54004,23.44227],[72.54558,23.45365],[72.56797,23.45535],[72.5751,23.46464],[72.58426,23.52176],[72.6022,23.51913],[72.60517,23.51057],[72.61952,23.51141],[72.62115,23.53918],[72.62695,23.54382],[72.62393,23.55647],[72.64692,23.56748],[72.65533,23.56644],[72.65452,23.55091],[72.66078,23.55016],[72.663,23.55656],[72.67866,23.55593],[72.67578,23.53042],[72.68574,23.5316],[72.69094,23.5227],[72.70804,23.52934],[72.72418,23.52592],[72.72496,23.52106],[72.73238,23.51796],[72.74317,23.53602],[72.75515,23.53512],[72.75794,23.53955],[72.77231,23.53816],[72.77689,23.52813],[72.77272,23.52676],[72.77581,23.52252],[72.77174,23.51749],[72.78578,23.50293],[72.79788,23.50278],[72.80284,23.5074],[72.82298,23.4999],[72.82794,23.51532],[72.83387,23.51827],[72.82346,23.52284],[72.83281,23.53518],[72.83107,23.54587],[72.80779,23.56541],[72.80602,23.57348],[72.81056,23.58952],[72.82801,23.59482],[72.84182,23.60417],[72.84216,23.61375],[72.83047,23.61957],[72.81551,23.64027],[72.83379,23.66325],[72.83425,23.67216],[72.83012,23.68847],[72.80104,23.73397],[72.80078,23.74597],[72.79486,23.75929],[72.8046,23.78507],[72.81445,23.79845],[72.80492,23.81299],[72.78957,23.82181],[72.78872,23.83312],[72.79073,23.85114],[72.80387,23.87568],[72.80483,23.91512],[72.83048,23.93143],[72.83,23.93678],[72.81862,23.94838],[72.82768,23.96156],[72.85161,23.97308],[72.85705,23.98985],[72.852,24.01047],[72.85888,24.02085],[72.86667,24.02463],[72.86038,24.02951],[72.85628,24.04543],[72.8391,24.03976],[72.81866,24.04914],[72.80264,24.07332],[72.79366,24.08055],[72.78276,24.10194],[72.77013,24.09921],[72.76827,24.08973],[72.75896,24.08004],[72.73469,24.07641],[72.7348,24.08662],[72.72998,24.09401],[72.71451,24.09851]]]]}},{"type":"Feature","properties":{"district":"Morbi","code":"MB","source_name":"Morbi","dtcode11":"727"},"geometry":{"type":"MultiPolygon","coordinates":[[[[71.11723,23.21238],[71.10931,23.22215],[71.08488,23.19654],[71.08895,23.19337],[71.08145,23.19375],[71.06622,23.18185],[71.06552,23.17704],[71.04502,23.16921],[71.0467,23.16177],[71.04462,23.16972],[71.0307,23.16762],[71.00629,23.17684],[71.00101,23.17458],[71.00855,23.1721],[71.00114,23.16959],[70.98347,23.17206],[70.98486,23.16723],[70.98035,23.16006],[70.96856,23.15996],[70.96456,23.15545],[70.9644,23.16579],[70.95976,23.16773],[70.96399,23.17474],[70.95379,23.17112],[70.9512,23.15482],[70.95973,23.14526],[70.95315,23.14508],[70.9694,23.13932],[70.961,23.13723],[70.95296,23.1421],[70.95832,23.13624],[70.94962,23.13186],[70.94608,23.13286],[70.94562,23.14049],[70.92983,23.13822],[70.94445,23.15053],[70.93683,23.16248],[70.89315,23.16262],[70.88978,23.141],[70.8998,23.14394],[70.90049,23.13756],[70.90474,23.13544],[70.88992,23.13173],[70.8871,23.13607],[70.88067,23.13543],[70.88116,23.12486],[70.87536,23.12204],[70.87452,23.13792],[70.83434,23.15161],[70.82939,23.1581],[70.82694,23.15006],[70.84773,23.14237],[70.85788,23.13008],[70.84743,23.11733],[70.84192,23.11761],[70.84209,23.10948],[70.83542,23.11224],[70.8381,23.09234],[70.83133,23.09671],[70.83333,23.08872],[70.82763,23.08008],[70.82156,23.09515],[70.82916,23.10057],[70.82941,23.10573],[70.82281,23.11073],[70.82743,23.11229],[70.82829,23.12207],[70.83325,23.12208],[70.82932,23.12636],[70.83414,23.12878],[70.81497,23.13722],[70.82017,23.13979],[70.81633,23.14855],[70.81266,23.14838],[70.81823,23.15896],[70.81574,23.16493],[70.81195,23.16086],[70.80902,23.16495],[70.80735,23.16131],[70.79591,23.15965],[70.7951,23.15381],[70.78684,23.15105],[70.78494,23.15607],[70.79345,23.16204],[70.79064,23.16617],[70.78204,23.15873],[70.77234,23.16322],[70.77353,23.1684],[70.76424,23.1664],[70.75963,23.16081],[70.76554,23.15387],[70.76511,23.14574],[70.75631,23.14205],[70.74804,23.14656],[70.69335,23.12051],[70.63824,23.08153],[70.62901,23.06283],[70.59681,23.06131],[70.59342,23.05535],[70.60185,23.03462],[70.58722,23.03094],[70.57191,23.03751],[70.5614,23.02937],[70.54692,22.99724],[70.54136,22.95995],[70.53755,22.96512],[70.52284,22.96504],[70.5121,22.96051],[70.49036,22.96723],[70.47891,22.97523],[70.4623,22.96637],[70.43238,22.96743],[70.48001,22.93747],[70.49202,22.93454],[70.51356,22.93688],[70.54549,22.92426],[70.55111,22.9311],[70.56631,22.91701],[70.57903,22.9175],[70.58187,22.9085],[70.59379,22.90368],[70.59297,22.89629],[70.59796,22.89124],[70.60389,22.89208],[70.60542,22.8812],[70.62196,22.88185],[70.63415,22.8673],[70.6454,22.86346],[70.65133,22.84398],[70.65553,22.84617],[70.66289,22.83259],[70.64159,22.8233],[70.64749,22.81992],[70.65115,22.80249],[70.64826,22.78685],[70.6391,22.78451],[70.63651,22.77887],[70.62347,22.77929],[70.61359,22.76361],[70.6207,22.73384],[70.63243,22.72399],[70.6383,22.72661],[70.64573,22.70629],[70.64424,22.70314],[70.63266,22.70604],[70.63333,22.70071],[70.62981,22.6986],[70.61235,22.69514],[70.60988,22.69008],[70.61549,22.67289],[70.61576,22.65121],[70.60799,22.64073],[70.57448,22.63428],[70.57163,22.61424],[70.56489,22.60368],[70.58106,22.60381],[70.58431,22.61432],[70.59132,22.60835],[70.60412,22.60652],[70.60614,22.59146],[70.60191,22.58988],[70.60488,22.58452],[70.60997,22.58718],[70.62854,22.58163],[70.632,22.57667],[70.64014,22.58122],[70.64021,22.56656],[70.6355,22.55826],[70.62911,22.55707],[70.63164,22.55348],[70.62613,22.54937],[70.62388,22.53557],[70.61954,22.53281],[70.62536,22.51077],[70.64367,22.51733],[70.64598,22.51243],[70.64319,22.50835],[70.65173,22.50207],[70.65917,22.50359],[70.65516,22.4919],[70.66041,22.49303],[70.66758,22.4797],[70.6668,22.47308],[70.65731,22.47492],[70.68008,22.4618],[70.69147,22.43785],[70.71564,22.43343],[70.72449,22.42623],[70.7394,22.43231],[70.74673,22.42138],[70.75075,22.42442],[70.7498,22.41466],[70.75436,22.42536],[70.755,22.41597],[70.7568,22.42125],[70.77375,22.43177],[70.77281,22.43458],[70.77758,22.43059],[70.782,22.43462],[70.78834,22.42553],[70.78369,22.42898],[70.77806,22.42514],[70.78222,22.42599],[70.78427,22.4205],[70.79144,22.42167],[70.80581,22.43409],[70.792,22.43404],[70.78545,22.45473],[70.79115,22.4572],[70.78895,22.4638],[70.79547,22.47511],[70.812,22.47692],[70.81362,22.48205],[70.8212,22.47032],[70.83547,22.4711],[70.84756,22.46401],[70.84781,22.46007],[70.87139,22.45937],[70.87329,22.45415],[70.8792,22.4549],[70.89094,22.44291],[70.90454,22.44472],[70.91512,22.44027],[70.92098,22.4424],[70.92126,22.4389],[70.92781,22.44098],[70.93822,22.42609],[70.94836,22.42857],[70.98091,22.41479],[71.02709,22.44128],[71.04459,22.43953],[71.04928,22.43489],[71.05771,22.43776],[71.07187,22.42347],[71.07599,22.405],[71.08686,22.39768],[71.09813,22.40502],[71.10016,22.43285],[71.12587,22.43815],[71.11737,22.4512],[71.13111,22.46077],[71.12988,22.4813],[71.14512,22.47849],[71.16379,22.4844],[71.16393,22.50451],[71.14398,22.52508],[71.13413,22.54594],[71.11546,22.54801],[71.10041,22.51281],[71.09377,22.51386],[71.09002,22.52053],[71.06144,22.53759],[71.07241,22.54405],[71.07057,22.54973],[71.0758,22.55678],[71.09446,22.56322],[71.10226,22.58304],[71.09285,22.59028],[71.093,22.60657],[71.10233,22.60305],[71.09652,22.62118],[71.10932,22.64253],[71.12878,22.6353],[71.12806,22.65244],[71.16032,22.67792],[71.1626,22.68378],[71.16389,22.70241],[71.14973,22.71071],[71.14587,22.72084],[71.12585,22.74259],[71.12292,22.7567],[71.13305,22.76181],[71.12494,22.78426],[71.1251,22.79777],[71.10427,22.81386],[71.09949,22.82304],[71.14511,22.82732],[71.1403,22.83934],[71.13908,22.86221],[71.1614,22.86151],[71.18371,22.82579],[71.18902,22.83008],[71.18984,22.82682],[71.20718,22.83037],[71.2149,22.82361],[71.22749,22.8222],[71.23998,22.8258],[71.2441,22.83219],[71.25444,22.83671],[71.24521,22.86264],[71.26246,22.8722],[71.27061,22.90572],[71.28425,22.91037],[71.29227,22.91894],[71.28982,22.93387],[71.29402,22.93373],[71.30284,22.94769],[71.29364,22.97378],[71.31654,22.98713],[71.31477,23.01388],[71.29552,23.01839],[71.29408,23.03028],[71.29819,23.04453],[71.3023,23.04472],[71.29189,23.06788],[71.29762,23.07492],[71.30615,23.07498],[71.307,23.08239],[71.32609,23.08494],[71.34002,23.09214],[71.34749,23.09829],[71.34276,23.11504],[71.35965,23.12075],[71.35328,23.13337],[71.34561,23.13575],[71.34321,23.14395],[71.31633,23.14328],[71.29961,23.17272],[71.30078,23.17973],[71.29124,23.17521],[71.28716,23.16377],[71.28411,23.16941],[71.27796,23.16521],[71.28593,23.14974],[71.26877,23.15578],[71.25004,23.15267],[71.24661,23.14785],[71.24735,23.15169],[71.24113,23.15082],[71.24066,23.15575],[71.23696,23.14879],[71.23353,23.14909],[71.23754,23.14797],[71.23463,23.14143],[71.22219,23.14685],[71.20843,23.13784],[71.22434,23.15887],[71.21675,23.16424],[71.20649,23.18251],[71.18728,23.18675],[71.1838,23.18177],[71.17636,23.189],[71.16334,23.1772],[71.15146,23.2027],[71.1474,23.19904],[71.14624,23.20305],[71.1304,23.20988],[71.12257,23.2055],[71.12452,23.20965],[71.11723,23.21238]]],[[[70.43937,22.41449],[70.43427,22.41732],[70.42882,22.41316],[70.40403,22.40876],[70.40382,22.40308],[70.40968,22.3606],[70.44007,22.35686],[70.44117,22.34054],[70.4489,22.3279],[70.46621,22.33269],[70.46226,22.35],[70.42812,22.36687],[70.42092,22.37599],[70.43185,22.38728],[70.44146,22.38767],[70.45063,22.39401],[70.43937,22.41449]]],[[[70.5204,22.46152],[70.51055,22.4602],[70.51133,22.45736],[70.52653,22.44397],[70.5287,22.4359],[70.53428,22.43544],[70.53791,22.43794],[70.5204,22.46152]]]]}},{"type":"Feature","properties":{"district":"Narmada","code":"NR","source_name":"Narmada","dtcode11":"487"},"geometry":{"type":"MultiPolygon","coordinates":[[[[73.60951,22.08191],[73.60292,22.07102],[73.58237,22.06482],[73.57511,22.05299],[73.56335,22.0614],[73.56321,22.05447],[73.5449,22.04748],[73.53405,22.04855],[73.52165,22.05643],[73.51436,22.03786],[73.49991,22.03956],[73.50322,22.03534],[73.50022,22.03287],[73.50242,22.02252],[73.50067,22.01717],[73.49499,22.01731],[73.50035,22.00904],[73.51116,22.00355],[73.51425,21.9901],[73.5129,21.98087],[73.50477,21.97715],[73.5076,21.96963],[73.50387,21.96281],[73.46185,21.97982],[73.45869,21.97491],[73.449,21.97535],[73.43992,21.96393],[73.44292,21.94154],[73.43871,21.92659],[73.42359,21.91367],[73.40292,21.91053],[73.37636,21.92937],[73.35962,21.9301],[73.349,21.92311],[73.34456,21.91439],[73.3443,21.8772],[73.32781,21.87484],[73.30388,21.88742],[73.29978,21.87888],[73.3017,21.86167],[73.30856,21.85132],[73.30247,21.85004],[73.30303,21.84138],[73.29698,21.83617],[73.30172,21.83276],[73.29939,21.8274],[73.30861,21.8222],[73.31637,21.82674],[73.31496,21.83006],[73.32922,21.83462],[73.33491,21.83129],[73.33688,21.8174],[73.33241,21.81593],[73.33603,21.81026],[73.34764,21.81429],[73.35592,21.81026],[73.36021,21.8024],[73.36699,21.79918],[73.37423,21.78033],[73.38265,21.78119],[73.39547,21.77573],[73.39436,21.76018],[73.40976,21.74963],[73.40404,21.7298],[73.3933,21.72197],[73.39553,21.71699],[73.403,21.71798],[73.40702,21.70919],[73.43161,21.71782],[73.43973,21.70935],[73.44727,21.71166],[73.45327,21.71916],[73.46916,21.72082],[73.4781,21.70394],[73.48772,21.70391],[73.48763,21.69346],[73.4999,21.68115],[73.48707,21.67771],[73.47432,21.66008],[73.47702,21.64728],[73.4858,21.63882],[73.47843,21.63178],[73.48228,21.6108],[73.47081,21.60893],[73.47353,21.59372],[73.44644,21.56932],[73.43995,21.54863],[73.44182,21.53806],[73.4654,21.51984],[73.46838,21.5082],[73.48806,21.5153],[73.48612,21.49438],[73.49366,21.49078],[73.4945,21.48556],[73.51078,21.48736],[73.52793,21.47934],[73.54814,21.48021],[73.55509,21.47445],[73.5973,21.48468],[73.60095,21.48437],[73.60698,21.47243],[73.62871,21.4728],[73.64953,21.48048],[73.66668,21.47237],[73.67628,21.47274],[73.68983,21.4464],[73.68847,21.43805],[73.69535,21.42838],[73.69132,21.41664],[73.69256,21.40192],[73.69909,21.39629],[73.71608,21.40611],[73.78209,21.41312],[73.80257,21.41152],[73.81866,21.40117],[73.83408,21.41223],[73.83767,21.42378],[73.88186,21.45079],[73.89196,21.45324],[73.91751,21.4492],[73.94516,21.46042],[73.97144,21.46159],[73.98926,21.48129],[73.97529,21.48394],[73.97267,21.48949],[73.97829,21.48988],[73.97691,21.49507],[73.98059,21.49531],[73.97469,21.50953],[73.98246,21.52247],[73.96616,21.52154],[73.9605,21.54048],[73.95699,21.5408],[73.9518,21.51262],[73.94556,21.51649],[73.9319,21.51198],[73.92599,21.52525],[73.91569,21.51913],[73.90524,21.52456],[73.90536,21.51569],[73.89254,21.50911],[73.87797,21.50427],[73.8767,21.51168],[73.86448,21.51222],[73.86637,21.50695],[73.87268,21.50633],[73.86939,21.50095],[73.85198,21.49783],[73.83477,21.52021],[73.81395,21.60071],[73.79767,21.60465],[73.78141,21.61852],[73.78019,21.62816],[73.78809,21.63403],[73.81237,21.64],[73.81431,21.6441],[73.82485,21.6397],[73.83043,21.64229],[73.83863,21.633],[73.84958,21.63865],[73.85197,21.6461],[73.85969,21.64198],[73.87381,21.64723],[73.88796,21.65315],[73.89436,21.6759],[73.8904,21.69726],[73.88297,21.71247],[73.86648,21.7189],[73.82408,21.76098],[73.8256,21.76733],[73.83429,21.7749],[73.82959,21.7777],[73.82886,21.78601],[73.83772,21.78931],[73.82735,21.79273],[73.82642,21.79787],[73.83236,21.80149],[73.82697,21.81015],[73.80795,21.80985],[73.80394,21.81962],[73.79565,21.82456],[73.80824,21.83755],[73.81666,21.8408],[73.87115,21.84115],[73.88975,21.85553],[73.90949,21.85702],[73.92957,21.86443],[73.94035,21.87115],[73.93145,21.88873],[73.91084,21.89824],[73.90852,21.90675],[73.88935,21.92612],[73.86819,21.92425],[73.8599,21.93467],[73.86049,21.94349],[73.85502,21.95254],[73.80055,21.92931],[73.80106,21.93808],[73.80824,21.9401],[73.79926,21.94833],[73.79562,21.9351],[73.79007,21.93111],[73.77877,21.93988],[73.77751,21.95263],[73.78108,21.95984],[73.77359,21.9614],[73.77078,21.9676],[73.74828,21.96246],[73.73734,21.97698],[73.72896,21.98145],[73.71526,21.98149],[73.70463,21.97677],[73.70274,21.99257],[73.70717,21.99409],[73.70886,22.0089],[73.70089,22.00583],[73.69883,21.99334],[73.69328,21.99282],[73.69612,21.98821],[73.68887,21.98718],[73.69016,22.01135],[73.68279,22.00961],[73.67977,22.00097],[73.67814,22.00948],[73.67001,22.01473],[73.67606,22.04306],[73.68362,22.04309],[73.68456,22.05114],[73.67756,22.05373],[73.6657,22.04327],[73.66058,22.04302],[73.65733,22.06193],[73.65213,22.06032],[73.64851,22.07197],[73.63039,22.06681],[73.63086,22.07945],[73.62504,22.07268],[73.6148,22.0702],[73.61461,22.07899],[73.60951,22.08191]]]]}},{"type":"Feature","properties":{"district":"Navsari","code":"NV","source_name":"Navsari","dtcode11":"490"},"geometry":{"type":"MultiPolygon","coordinates":[[[[73.40727,20.62389],[73.40979,20.63026],[73.40694,20.63542],[73.39418,20.6407],[73.39207,20.64888],[73.41251,20.66139],[73.43101,20.6648],[73.43445,20.66986],[73.43219,20.67728],[73.44421,20.68115],[73.44839,20.69222],[73.44088,20.69966],[73.44924,20.7171],[73.45923,20.7168],[73.46736,20.72321],[73.46719,20.74537],[73.47874,20.74567],[73.48947,20.75488],[73.48748,20.78502],[73.48207,20.79656],[73.49442,20.80922],[73.49611,20.81912],[73.48332,20.8149],[73.47248,20.81881],[73.46057,20.81702],[73.45352,20.80889],[73.44238,20.80855],[73.3963,20.82729],[73.38818,20.82236],[73.38171,20.82375],[73.37437,20.83117],[73.36727,20.83249],[73.36586,20.84134],[73.3505,20.84855],[73.34978,20.85964],[73.34211,20.86266],[73.33283,20.85973],[73.33286,20.86704],[73.32322,20.86863],[73.31894,20.8778],[73.31216,20.88162],[73.30555,20.87535],[73.30184,20.85084],[73.31192,20.84797],[73.31292,20.8414],[73.30646,20.8414],[73.30285,20.83696],[73.30543,20.8352],[73.29952,20.82284],[73.30183,20.81793],[73.29195,20.8155],[73.28077,20.82053],[73.27851,20.81662],[73.27213,20.82077],[73.25356,20.81982],[73.24403,20.8325],[73.24757,20.84846],[73.23938,20.85185],[73.23547,20.84925],[73.22692,20.85608],[73.21485,20.85722],[73.21222,20.86142],[73.19567,20.85976],[73.19544,20.87031],[73.18935,20.86934],[73.18515,20.88888],[73.17883,20.88969],[73.17149,20.89962],[73.14294,20.90572],[73.13782,20.9045],[73.13494,20.89762],[73.12578,20.89748],[73.12566,20.92262],[73.0988,20.93025],[73.09234,20.93682],[73.08834,20.96708],[73.08291,20.96598],[73.08165,20.97251],[73.07659,20.97123],[73.07392,20.97707],[73.07224,20.97388],[73.06522,20.97465],[73.06355,20.98371],[73.05692,20.9849],[73.03887,21.0065],[73.0344,21.00433],[73.03089,21.00753],[73.02526,21.02034],[73.01511,21.01873],[73.00858,21.02221],[73.00714,21.03322],[73.01354,21.03614],[73.01272,21.04783],[73.01858,21.04962],[73.01859,21.05783],[73.01498,21.06498],[72.99992,21.06956],[72.99378,21.07933],[72.98998,21.0748],[72.99558,21.0724],[72.99637,21.06001],[72.98332,21.06076],[72.97737,21.06511],[72.96459,21.05802],[72.96975,21.0687],[72.96209,21.07404],[72.9626,21.06569],[72.95222,21.06941],[72.9457,21.05906],[72.92642,21.05174],[72.92902,21.04278],[72.9137,21.04003],[72.89573,21.05146],[72.89204,21.06209],[72.88809,21.04783],[72.88126,21.05517],[72.87104,21.05606],[72.87118,21.04909],[72.86267,21.05269],[72.85678,21.04981],[72.86089,21.03732],[72.85287,21.03745],[72.8452,21.04688],[72.83585,21.03406],[72.83129,21.05541],[72.82662,21.05924],[72.81416,21.05557],[72.79296,21.07345],[72.77521,21.06211],[72.75041,21.0634],[72.74561,21.0606],[72.75438,21.05095],[72.72563,21.05317],[72.7214,21.04845],[72.72788,21.00705],[72.73672,20.99165],[72.75708,20.93231],[72.7651,20.92074],[72.78564,20.91597],[72.82877,20.8101],[72.83964,20.80367],[72.83598,20.78702],[72.84256,20.77725],[72.8495,20.73816],[72.85483,20.7499],[72.8665,20.73971],[72.87679,20.74001],[72.88036,20.73347],[72.92886,20.73431],[72.94102,20.72803],[72.9415,20.72277],[72.958,20.719],[72.96851,20.72719],[72.96299,20.74141],[72.97206,20.745],[72.99026,20.73339],[72.9967,20.73498],[72.99395,20.7267],[73.00105,20.72506],[73.01629,20.72994],[73.01228,20.72697],[73.01839,20.71101],[73.03315,20.7015],[73.0474,20.699],[73.03938,20.68042],[73.02858,20.67657],[73.03018,20.67055],[73.03499,20.66895],[73.03292,20.66493],[73.0559,20.66403],[73.07286,20.65267],[73.06567,20.62692],[73.06716,20.62245],[73.07147,20.6225],[73.06741,20.61179],[73.07287,20.59986],[73.10034,20.59998],[73.11513,20.59409],[73.12155,20.60155],[73.14036,20.59905],[73.15255,20.6055],[73.16562,20.59934],[73.17232,20.60257],[73.17819,20.59487],[73.18701,20.59171],[73.2038,20.59328],[73.21022,20.60229],[73.21897,20.60221],[73.22526,20.59583],[73.24189,20.59344],[73.25898,20.5797],[73.27334,20.58133],[73.29003,20.59287],[73.29427,20.58974],[73.30633,20.59125],[73.31504,20.60185],[73.32238,20.5957],[73.32517,20.60071],[73.33009,20.59902],[73.33315,20.60293],[73.35259,20.6078],[73.35948,20.61638],[73.36837,20.61311],[73.37932,20.61827],[73.38439,20.61388],[73.40727,20.62389]]]]}},{"type":"Feature","properties":{"district":"Panchmahal","code":"PM","source_name":"Panch Mahals","dtcode11":"484"},"geometry":{"type":"MultiPolygon","coordinates":[[[[73.67426,23.10259],[73.66416,23.09578],[73.65189,23.06484],[73.64199,23.05856],[73.62878,23.03976],[73.63181,23.02619],[73.64107,23.0202],[73.65644,23.0203],[73.64324,23.01504],[73.63633,23.01738],[73.63151,23.01159],[73.61941,23.02449],[73.61833,23.01717],[73.60821,23.00638],[73.59478,22.99209],[73.58433,22.98713],[73.56212,22.98544],[73.5352,22.99365],[73.53315,22.98786],[73.5245,22.98611],[73.52417,22.9811],[73.51767,22.98592],[73.50965,22.98334],[73.50836,22.98807],[73.50274,22.988],[73.503,22.99476],[73.49524,22.99508],[73.48501,22.9942],[73.47606,22.98276],[73.4783,22.98686],[73.47303,22.98825],[73.47145,23.00063],[73.45581,23.00286],[73.45237,23.01437],[73.44791,23.01599],[73.4498,23.02252],[73.44601,23.03033],[73.43692,23.0326],[73.43522,23.00358],[73.44861,22.97713],[73.44875,22.96804],[73.42385,22.94295],[73.3836,22.91573],[73.3675,22.89946],[73.36736,22.88726],[73.38203,22.87056],[73.38471,22.85746],[73.37313,22.83642],[73.37175,22.82254],[73.36276,22.8117],[73.36362,22.79915],[73.35025,22.79227],[73.35903,22.78725],[73.36346,22.77724],[73.36208,22.771],[73.38094,22.75793],[73.37752,22.80128],[73.38359,22.79473],[73.38441,22.81149],[73.39878,22.80794],[73.40472,22.81447],[73.40406,22.7937],[73.4228,22.78553],[73.42521,22.7792],[73.42678,22.76237],[73.41046,22.75916],[73.3847,22.74197],[73.38669,22.73251],[73.38297,22.71968],[73.39121,22.68737],[73.40279,22.69027],[73.40704,22.67802],[73.41575,22.67554],[73.41688,22.66112],[73.40715,22.65427],[73.40025,22.6566],[73.39714,22.64346],[73.38959,22.64344],[73.38387,22.64995],[73.36819,22.64764],[73.36891,22.64073],[73.36254,22.62738],[73.38415,22.62684],[73.38878,22.61665],[73.38844,22.61163],[73.38309,22.61159],[73.37795,22.58558],[73.38281,22.57922],[73.37203,22.5563],[73.39172,22.55191],[73.41405,22.55362],[73.42127,22.5467],[73.41131,22.52503],[73.41481,22.51756],[73.40527,22.50685],[73.41477,22.50558],[73.41655,22.49726],[73.42745,22.48566],[73.43019,22.46177],[73.42532,22.45682],[73.42703,22.44949],[73.42053,22.44703],[73.41994,22.42837],[73.43295,22.42148],[73.44562,22.42523],[73.44641,22.41409],[73.43796,22.40006],[73.44882,22.39649],[73.45805,22.38114],[73.47247,22.38174],[73.46434,22.3601],[73.47855,22.35518],[73.48228,22.34947],[73.51076,22.35217],[73.51775,22.34107],[73.52799,22.34588],[73.54635,22.34587],[73.55436,22.33641],[73.56625,22.33637],[73.56286,22.32857],[73.61661,22.32428],[73.62929,22.3312],[73.62566,22.3378],[73.61239,22.33813],[73.61265,22.34742],[73.61858,22.35264],[73.61645,22.36073],[73.63359,22.3781],[73.62987,22.38966],[73.64806,22.38601],[73.69142,22.36903],[73.70519,22.35844],[73.70368,22.34864],[73.68928,22.34609],[73.69409,22.33917],[73.6895,22.3373],[73.65528,22.3365],[73.64569,22.31504],[73.62894,22.31275],[73.63449,22.30261],[73.65051,22.29599],[73.65356,22.28813],[73.69726,22.28645],[73.69896,22.29969],[73.71366,22.30311],[73.71674,22.28994],[73.72335,22.28873],[73.72609,22.29274],[73.73069,22.28784],[73.72732,22.29627],[73.73161,22.30392],[73.7235,22.31609],[73.7296,22.33134],[73.72586,22.33738],[73.74748,22.34682],[73.74955,22.34382],[73.75747,22.36611],[73.7647,22.37099],[73.76993,22.38344],[73.76957,22.38908],[73.73511,22.38846],[73.73927,22.39517],[73.72967,22.41501],[73.74076,22.43857],[73.7347,22.44702],[73.73654,22.45484],[73.7264,22.45398],[73.72291,22.46006],[73.72532,22.47686],[73.73241,22.49182],[73.7288,22.51537],[73.73883,22.53394],[73.75558,22.54718],[73.80294,22.54875],[73.80902,22.55306],[73.8112,22.56746],[73.84546,22.5729],[73.85024,22.56485],[73.86467,22.57226],[73.86473,22.57839],[73.84193,22.60996],[73.83259,22.60705],[73.82796,22.60829],[73.82893,22.61268],[73.79722,22.61255],[73.80884,22.62556],[73.81225,22.63742],[73.82679,22.64046],[73.8271,22.64478],[73.82316,22.64625],[73.82588,22.65701],[73.8298,22.65823],[73.82382,22.67223],[73.80668,22.67468],[73.8031,22.686],[73.8071,22.70008],[73.81583,22.69614],[73.82584,22.69944],[73.8362,22.71658],[73.83394,22.72383],[73.83739,22.7352],[73.83457,22.7358],[73.85336,22.74177],[73.85487,22.74524],[73.85182,22.75848],[73.83546,22.77489],[73.83353,22.7825],[73.81117,22.78667],[73.82567,22.78913],[73.83125,22.80258],[73.84289,22.79777],[73.84603,22.79174],[73.84988,22.79278],[73.84726,22.81779],[73.83738,22.82447],[73.84014,22.84441],[73.85421,22.84165],[73.87466,22.87922],[73.88054,22.9017],[73.89284,22.91711],[73.90767,22.92758],[73.90416,22.93503],[73.89328,22.93678],[73.88189,22.94595],[73.89304,22.94688],[73.89536,22.95232],[73.90136,22.95317],[73.9047,22.96392],[73.92149,22.96614],[73.92827,22.97709],[73.90351,22.98494],[73.90612,23.0076],[73.914,23.01384],[73.90834,23.02299],[73.90429,23.04988],[73.86029,23.06018],[73.8448,23.07766],[73.84244,23.08678],[73.81378,23.10108],[73.80953,23.10898],[73.77386,23.0755],[73.75632,23.07476],[73.74473,23.06924],[73.74878,23.05992],[73.76752,23.05543],[73.76883,23.04403],[73.76438,23.03826],[73.75778,23.03864],[73.75564,23.02525],[73.74134,23.01162],[73.73652,23.01308],[73.73233,23.03302],[73.7238,23.03629],[73.71933,23.03609],[73.71635,23.02347],[73.70262,23.02138],[73.69661,23.02754],[73.66863,23.02018],[73.66992,23.03303],[73.71676,23.05361],[73.71037,23.06388],[73.71063,23.07208],[73.70286,23.08228],[73.69153,23.0938],[73.68202,23.0921],[73.67426,23.10259]]]]}},{"type":"Feature","properties":{"district":"Patan","code":"PT","source_name":"Patan","dtcode11":"470"},"geometry":{"type":"MultiPolygon","coordinates":[[[[72.12968,24.15501],[72.12028,24.15263],[72.12002,24.14381],[72.11213,24.13578],[72.09389,24.14158],[72.0897,24.13849],[72.0929,24.12404],[72.11167,24.12328],[72.12399,24.12814],[72.14457,24.12719],[72.14815,24.12378],[72.15062,24.11782],[72.14709,24.10444],[72.15734,24.0944],[72.14795,24.07651],[72.13621,24.07005],[72.1326,24.05275],[72.11674,24.05005],[72.10126,24.05434],[72.09819,24.0428],[72.10113,24.03447],[72.09294,24.03311],[72.09023,24.04142],[72.07448,24.03934],[72.06073,24.03238],[72.04776,24.04594],[72.03176,24.05292],[72.0287,24.06726],[72.01891,24.07196],[72.01301,24.06868],[72.01291,24.0497],[72.02248,24.03925],[72.02741,24.01922],[72.03498,24.01391],[72.03492,24.00865],[72.05062,23.99882],[72.04834,23.98943],[72.03886,23.97989],[72.02037,23.97789],[72.01803,23.98409],[72.01167,23.98518],[72.00555,23.97404],[72.00596,23.96582],[71.99882,23.96875],[71.99894,23.98341],[71.9858,23.99719],[71.96103,23.99096],[71.94915,24.00799],[71.92544,24.00919],[71.92879,23.97944],[71.94887,23.97304],[71.9478,23.9632],[71.92915,23.95223],[71.93815,23.92754],[71.95019,23.91703],[71.95871,23.91753],[71.97439,23.90548],[71.97776,23.88923],[71.95827,23.88871],[71.9369,23.88045],[71.92417,23.8844],[71.91176,23.88123],[71.90128,23.87319],[71.89704,23.87888],[71.88948,23.87829],[71.86739,23.86947],[71.86137,23.84686],[71.82788,23.84433],[71.81513,23.8551],[71.779,23.84474],[71.76654,23.82671],[71.76172,23.84152],[71.75089,23.84073],[71.74498,23.85034],[71.72765,23.8555],[71.71435,23.87004],[71.71439,23.87603],[71.7088,23.88205],[71.71294,23.88959],[71.7174,23.92756],[71.69779,23.93027],[71.69298,23.94728],[71.69395,23.96201],[71.68857,23.9707],[71.66508,23.97235],[71.64331,23.95727],[71.6219,23.95393],[71.61344,23.94393],[71.60522,23.94236],[71.59873,23.94442],[71.58695,23.96328],[71.59159,23.97638],[71.56054,23.9793],[71.56707,23.98344],[71.56572,23.99601],[71.55441,24.00086],[71.54715,23.99498],[71.54611,23.98179],[71.51685,23.98007],[71.49815,23.9696],[71.48755,23.97526],[71.49111,24.01468],[71.48419,24.02428],[71.47905,24.02516],[71.46404,24.01321],[71.46107,23.99895],[71.4459,23.98774],[71.44261,23.98091],[71.44978,23.98194],[71.44656,23.97078],[71.45449,23.96456],[71.44825,23.95993],[71.44465,23.94117],[71.42168,23.93483],[71.41614,23.9251],[71.40442,23.93987],[71.40586,23.94967],[71.39526,23.96566],[71.38847,23.9651],[71.38394,23.95376],[71.3742,23.95504],[71.37085,23.96508],[71.36554,23.96552],[71.36602,23.97045],[71.33542,23.97016],[71.31911,23.98362],[71.29825,23.96725],[71.30157,23.95489],[71.28889,23.94831],[71.302,23.93336],[71.298,23.93416],[71.29953,23.92755],[71.2798,23.9281],[71.27429,23.9343],[71.2708,23.93288],[71.27545,23.92767],[71.27307,23.92241],[71.26508,23.92108],[71.26028,23.93189],[71.25313,23.93314],[71.2477,23.92835],[71.25441,23.92127],[71.23888,23.91848],[71.23304,23.93001],[71.21824,23.93598],[71.19354,23.9208],[71.17771,23.93052],[71.17616,23.92009],[71.15803,23.92048],[71.14028,23.91022],[71.10176,23.90523],[71.07979,23.87484],[71.07115,23.84379],[71.06378,23.83828],[71.06762,23.83025],[71.07434,23.82971],[71.07214,23.82319],[71.0635,23.8249],[71.06935,23.81692],[71.06542,23.81576],[71.06124,23.80533],[71.04662,23.80939],[71.04314,23.80447],[71.04452,23.79039],[71.05597,23.78665],[71.05455,23.76005],[71.05868,23.75518],[71.05378,23.74365],[71.06488,23.74153],[71.07283,23.73023],[71.05715,23.73731],[71.05712,23.72072],[71.06955,23.68843],[71.03926,23.68074],[71.03442,23.65881],[71.03885,23.63882],[71.05199,23.62037],[71.0635,23.6229],[71.06836,23.61604],[71.06628,23.60892],[71.07439,23.60631],[71.08142,23.59832],[71.09274,23.6066],[71.08577,23.61736],[71.08945,23.62441],[71.09489,23.62466],[71.09405,23.61488],[71.09668,23.61464],[71.13557,23.62771],[71.13899,23.63732],[71.13674,23.64393],[71.13169,23.64302],[71.13108,23.65176],[71.13667,23.66391],[71.1496,23.6681],[71.14956,23.67361],[71.14333,23.67407],[71.14892,23.68342],[71.18083,23.7158],[71.17139,23.71362],[71.16226,23.72137],[71.15795,23.71236],[71.1521,23.71286],[71.15202,23.71983],[71.1446,23.71682],[71.14787,23.72685],[71.1443,23.7299],[71.17752,23.72877],[71.17472,23.7442],[71.18964,23.73909],[71.19013,23.73389],[71.19585,23.73838],[71.20697,23.73855],[71.21776,23.72933],[71.21729,23.72153],[71.22522,23.71378],[71.21802,23.69884],[71.22381,23.69396],[71.22395,23.6878],[71.21333,23.67839],[71.22066,23.66675],[71.22187,23.65625],[71.30436,23.64559],[71.33363,23.64868],[71.35108,23.65624],[71.37557,23.64959],[71.39387,23.60267],[71.42511,23.62869],[71.42333,23.6095],[71.4268,23.60315],[71.4167,23.57847],[71.4186,23.56719],[71.4222,23.5635],[71.47349,23.55602],[71.44818,23.53587],[71.44525,23.46922],[71.45351,23.47112],[71.47741,23.49368],[71.49493,23.50015],[71.50814,23.51143],[71.51194,23.52332],[71.52032,23.52769],[71.51941,23.49988],[71.50755,23.48726],[71.50804,23.45613],[71.53498,23.47982],[71.56472,23.4955],[71.58165,23.49135],[71.59038,23.50078],[71.59827,23.50186],[71.60371,23.49716],[71.61363,23.50119],[71.64467,23.49059],[71.6496,23.49253],[71.66643,23.48458],[71.67426,23.48893],[71.69185,23.48772],[71.70235,23.48109],[71.71998,23.49011],[71.73048,23.49061],[71.73231,23.48672],[71.72548,23.47984],[71.72642,23.46812],[71.73916,23.47032],[71.74346,23.46724],[71.74517,23.47385],[71.75796,23.46633],[71.77178,23.46774],[71.77785,23.45448],[71.76945,23.43506],[71.76232,23.43252],[71.76012,23.42658],[71.75774,23.41733],[71.76131,23.40363],[71.79369,23.39185],[71.80272,23.39397],[71.81734,23.40878],[71.83713,23.41816],[71.84985,23.4354],[71.8513,23.45658],[71.86421,23.47251],[71.88701,23.48539],[71.90219,23.48479],[71.90121,23.49058],[71.90478,23.48642],[71.90821,23.4938],[71.92883,23.49222],[71.92969,23.49684],[71.94243,23.49988],[71.94307,23.51818],[71.96883,23.5266],[71.96865,23.53201],[71.96252,23.53413],[71.95576,23.54822],[71.95276,23.57514],[71.93536,23.58105],[71.95182,23.58531],[71.95414,23.59147],[71.96359,23.59754],[71.98221,23.60114],[71.98095,23.61838],[72.00255,23.62027],[72.01377,23.62984],[72.03319,23.6147],[72.04944,23.61972],[72.06181,23.6137],[72.05543,23.60711],[72.05982,23.60182],[72.05766,23.59729],[72.07145,23.58963],[72.07217,23.58406],[72.05994,23.57319],[72.0613,23.56548],[72.08051,23.56606],[72.08823,23.57146],[72.10779,23.57125],[72.10382,23.59414],[72.11359,23.60247],[72.11241,23.60555],[72.12106,23.60957],[72.1294,23.60052],[72.13868,23.60144],[72.13961,23.60688],[72.14718,23.61252],[72.16004,23.60615],[72.17726,23.61076],[72.18252,23.62544],[72.1761,23.63061],[72.17619,23.63566],[72.18356,23.64133],[72.19459,23.63994],[72.19473,23.63291],[72.19961,23.63276],[72.20753,23.62468],[72.22099,23.62619],[72.2282,23.61748],[72.24515,23.6272],[72.24885,23.64304],[72.25528,23.64679],[72.26066,23.64067],[72.26014,23.63131],[72.27233,23.62741],[72.27341,23.62387],[72.28019,23.6253],[72.28487,23.61741],[72.29015,23.61958],[72.30467,23.6403],[72.3048,23.65823],[72.31044,23.67434],[72.30465,23.68009],[72.30415,23.68714],[72.28969,23.68188],[72.28436,23.68588],[72.29126,23.70569],[72.29109,23.71019],[72.28386,23.7112],[72.28959,23.71482],[72.28678,23.73138],[72.29149,23.73496],[72.29122,23.74232],[72.30354,23.74458],[72.30476,23.75043],[72.31969,23.7575],[72.32124,23.7671],[72.31265,23.7688],[72.31159,23.7755],[72.30464,23.77291],[72.29495,23.77992],[72.30281,23.79301],[72.30124,23.8028],[72.30726,23.80347],[72.30794,23.80974],[72.31808,23.81171],[72.31423,23.82418],[72.30719,23.82252],[72.30212,23.84203],[72.2967,23.84078],[72.29302,23.84939],[72.296,23.85253],[72.32577,23.85236],[72.32671,23.86642],[72.32281,23.87232],[72.3283,23.88055],[72.34555,23.8778],[72.35662,23.88356],[72.36582,23.87968],[72.37297,23.86888],[72.38067,23.86728],[72.3856,23.87209],[72.39043,23.87108],[72.39137,23.87592],[72.39787,23.87168],[72.40337,23.87497],[72.40828,23.88565],[72.41334,23.88549],[72.41766,23.89479],[72.4213,23.89451],[72.42289,23.90106],[72.42941,23.89651],[72.43252,23.90132],[72.43719,23.89556],[72.44301,23.89571],[72.44488,23.9078],[72.45196,23.90735],[72.45519,23.89825],[72.46738,23.89229],[72.4751,23.90226],[72.47774,23.92698],[72.48263,23.93419],[72.48054,23.95357],[72.4752,23.95786],[72.47623,23.96605],[72.46406,23.97075],[72.4513,23.97419],[72.43811,23.96701],[72.43805,23.97388],[72.4316,23.97748],[72.42981,23.9835],[72.42725,23.97635],[72.41948,23.97798],[72.41422,23.97242],[72.38616,23.97528],[72.38362,23.96814],[72.37024,23.97164],[72.36117,24.00985],[72.3515,24.00927],[72.34437,24.01388],[72.34503,24.02621],[72.33984,24.03766],[72.30929,24.03846],[72.29941,24.05312],[72.29316,24.05107],[72.27049,24.05543],[72.2584,24.07039],[72.2557,24.08128],[72.25098,24.08227],[72.23421,24.07207],[72.22184,24.07569],[72.2134,24.10383],[72.20635,24.11397],[72.22353,24.13095],[72.21765,24.1432],[72.20365,24.14898],[72.19771,24.13693],[72.18527,24.13022],[72.18757,24.12216],[72.17693,24.11823],[72.149,24.12946],[72.154,24.13501],[72.14966,24.15229],[72.12968,24.15501]]]]}},{"type":"Feature","properties":{"district":"Porbandar","code":"PB","source_name":"Porbandar","dtcode11":"478"},"geometry":{"type":"MultiPolygon","coordinates":[[[[69.69005,21.97977],[69.68712,21.9789],[69.6851,21.95967],[69.64969,21.9562],[69.65762,21.92526],[69.65453,21.92368],[69.62761,21.92053],[69.62081,21.94296],[69.61133,21.9487],[69.57123,21.94716],[69.55382,21.93915],[69.54092,21.92537],[69.53587,21.9014],[69.53821,21.89747],[69.53518,21.89529],[69.5277,21.89346],[69.50429,21.90451],[69.49984,21.89546],[69.48656,21.89732],[69.48579,21.87606],[69.48318,21.8758],[69.48704,21.8552],[69.44749,21.85347],[69.43,21.8799],[69.42227,21.87989],[69.40269,21.89443],[69.39809,21.89273],[69.385,21.87748],[69.38429,21.86237],[69.37182,21.82948],[69.39992,21.79667],[69.43304,21.76651],[69.47747,21.73429],[69.51039,21.70004],[69.56626,21.65132],[69.5855,21.6371],[69.60274,21.63696],[69.67455,21.56283],[69.70594,21.53685],[69.70407,21.54126],[69.72212,21.53928],[69.7123,21.5324],[69.70788,21.53499],[69.98193,21.22781],[70.00272,21.24415],[70.00273,21.25475],[70.02893,21.27365],[70.0282,21.28036],[70.02566,21.2833],[70.01269,21.27813],[69.99621,21.2986],[69.97645,21.29528],[69.97835,21.33585],[69.95697,21.34334],[69.9486,21.35678],[69.94149,21.37285],[69.9503,21.3858],[69.9432,21.39097],[69.94403,21.39744],[69.96277,21.40252],[69.96183,21.40993],[69.96661,21.4098],[69.96569,21.41282],[69.95928,21.41173],[69.96,21.41498],[69.98719,21.42341],[69.98152,21.427],[69.98133,21.43498],[70.02099,21.44456],[70.02812,21.44347],[70.0303,21.43435],[70.05148,21.44504],[70.0509,21.45601],[70.04094,21.47536],[70.00935,21.47833],[69.99622,21.47436],[69.98484,21.50668],[69.9925,21.50774],[69.98202,21.53055],[69.98244,21.53423],[70.00233,21.54349],[69.98641,21.57267],[69.97568,21.56685],[69.96443,21.59166],[69.98588,21.60234],[69.98384,21.59501],[69.99064,21.57927],[70.02081,21.59338],[70.01969,21.59742],[70.03058,21.60203],[70.03427,21.5929],[70.04705,21.59768],[70.04764,21.58659],[70.07079,21.58493],[70.07373,21.59273],[70.06855,21.61027],[70.04961,21.61185],[70.04072,21.60736],[70.03857,21.61239],[70.05808,21.6271],[70.0564,21.63722],[70.07652,21.6409],[70.09053,21.6494],[70.10913,21.645],[70.10286,21.66296],[70.11928,21.68098],[70.13505,21.66345],[70.14816,21.66551],[70.14266,21.68639],[70.11769,21.70683],[70.08882,21.70303],[70.08345,21.73694],[70.07809,21.73329],[70.07649,21.72428],[70.06931,21.72411],[70.05819,21.70308],[70.03905,21.69784],[70.02459,21.70384],[70.01918,21.71502],[70.0199,21.74588],[70.0076,21.75449],[70.0109,21.80481],[69.9919,21.80788],[69.97356,21.79801],[69.96679,21.80019],[69.95082,21.78949],[69.94349,21.79334],[69.92929,21.77938],[69.90325,21.78039],[69.88334,21.77197],[69.88202,21.76807],[69.87193,21.78241],[69.86415,21.782],[69.86713,21.73829],[69.84855,21.73213],[69.83945,21.7339],[69.83379,21.744],[69.81827,21.74212],[69.80872,21.76163],[69.81623,21.79355],[69.81462,21.82477],[69.79137,21.82757],[69.76217,21.82267],[69.73914,21.83469],[69.72636,21.82166],[69.72657,21.80823],[69.7117,21.79419],[69.71067,21.7997],[69.70038,21.79686],[69.69666,21.81074],[69.69068,21.81141],[69.68994,21.81879],[69.68471,21.82273],[69.67393,21.82229],[69.67528,21.81315],[69.66482,21.81214],[69.6565,21.83807],[69.6465,21.83936],[69.63029,21.82945],[69.63175,21.80523],[69.61637,21.80311],[69.61519,21.80944],[69.61234,21.80902],[69.6135,21.83078],[69.60872,21.83165],[69.60897,21.86417],[69.61415,21.86481],[69.61511,21.86988],[69.63097,21.8671],[69.63391,21.8754],[69.65614,21.86958],[69.66726,21.88724],[69.66418,21.90099],[69.67203,21.90415],[69.66672,21.92616],[69.68177,21.92837],[69.68815,21.91229],[69.7077,21.92549],[69.70705,21.93462],[69.72493,21.93771],[69.72263,21.94209],[69.7268,21.9551],[69.72281,21.95633],[69.71993,21.97377],[69.69005,21.97977]]]]}},{"type":"Feature","properties":{"district":"Rajkot","code":"RJ","source_name":"Rajkot","dtcode11":"476"},"geometry":{"type":"MultiPolygon","coordinates":[[[[70.58493,22.61391],[70.58106,22.60381],[70.5646,22.60328],[70.55312,22.57697],[70.54986,22.55722],[70.56089,22.5435],[70.56912,22.54734],[70.56824,22.55148],[70.5803,22.55232],[70.59311,22.53605],[70.60009,22.53494],[70.60177,22.531],[70.57152,22.5202],[70.56563,22.53373],[70.54263,22.53369],[70.53607,22.51852],[70.52846,22.51468],[70.5354,22.49489],[70.54256,22.50207],[70.55368,22.50102],[70.57478,22.51297],[70.58691,22.49039],[70.54028,22.47924],[70.54805,22.47499],[70.55262,22.46231],[70.53348,22.45847],[70.52571,22.46704],[70.51964,22.46268],[70.51936,22.46683],[70.51636,22.46536],[70.50432,22.49096],[70.49933,22.48987],[70.49413,22.47729],[70.49921,22.46921],[70.50279,22.47157],[70.50346,22.46735],[70.49827,22.46715],[70.49862,22.45189],[70.4879,22.44984],[70.48004,22.45429],[70.47059,22.47061],[70.4655,22.46964],[70.46186,22.45036],[70.45581,22.44934],[70.46202,22.43884],[70.44532,22.43373],[70.44765,22.42728],[70.45845,22.41921],[70.47204,22.42635],[70.47573,22.42294],[70.48573,22.42775],[70.50591,22.42825],[70.50756,22.41332],[70.4933,22.4122],[70.49149,22.39745],[70.48386,22.38463],[70.47365,22.3784],[70.4865,22.3669],[70.48687,22.36239],[70.49859,22.36269],[70.50059,22.36722],[70.51518,22.35894],[70.51745,22.3613],[70.52994,22.34349],[70.5303,22.34024],[70.52051,22.33766],[70.5148,22.32896],[70.49971,22.32263],[70.48809,22.32784],[70.46899,22.32534],[70.47332,22.30914],[70.49462,22.29562],[70.49746,22.28593],[70.50534,22.28347],[70.51944,22.24498],[70.53645,22.24935],[70.54905,22.22938],[70.57141,22.23393],[70.57869,22.23989],[70.5807,22.22264],[70.58738,22.20823],[70.59599,22.20804],[70.59768,22.20136],[70.60923,22.19776],[70.61497,22.18964],[70.59899,22.19315],[70.58006,22.18449],[70.58119,22.17527],[70.58764,22.16692],[70.56809,22.16058],[70.56235,22.1455],[70.56814,22.13206],[70.56447,22.12878],[70.56982,22.12261],[70.57829,22.11703],[70.58902,22.11772],[70.58829,22.10615],[70.58214,22.09947],[70.56213,22.09908],[70.55384,22.09118],[70.55106,22.08104],[70.55632,22.08301],[70.56174,22.0732],[70.54652,22.06098],[70.54946,22.04613],[70.55621,22.04617],[70.57093,22.03706],[70.56935,22.02745],[70.55309,22.01424],[70.52606,22.00181],[70.52154,22.00376],[70.51123,21.99971],[70.50935,22.00248],[70.50077,21.99722],[70.50041,22.02182],[70.52035,22.01917],[70.52156,22.03084],[70.5255,22.03794],[70.53095,22.03961],[70.53025,22.04438],[70.51553,22.05024],[70.49971,22.0501],[70.49082,22.05588],[70.46113,22.05442],[70.4548,22.05124],[70.45839,22.04111],[70.45254,22.03506],[70.43491,22.02932],[70.42228,22.03139],[70.41274,22.02526],[70.41415,22.03582],[70.4022,22.03181],[70.39799,22.03893],[70.38109,22.04156],[70.37256,22.04715],[70.36129,22.04456],[70.34918,22.05271],[70.33056,22.05142],[70.32538,22.04645],[70.32544,22.03098],[70.32917,22.02887],[70.32616,22.01536],[70.29394,22.0132],[70.3001,22.00246],[70.29966,21.99425],[70.28876,22.00589],[70.27803,21.99874],[70.26559,22.00195],[70.25699,21.99521],[70.25197,21.96765],[70.2472,21.96336],[70.21614,21.96773],[70.20282,21.96353],[70.2183,21.9347],[70.21748,21.90612],[70.19631,21.89277],[70.17643,21.89488],[70.17076,21.93134],[70.16494,21.93831],[70.14454,21.94141],[70.13998,21.91476],[70.14338,21.90932],[70.13935,21.9067],[70.14067,21.89085],[70.13675,21.88306],[70.12349,21.87917],[70.12159,21.87503],[70.12787,21.86551],[70.11649,21.86288],[70.10596,21.85084],[70.09554,21.84977],[70.09024,21.83522],[70.0915,21.83191],[70.10241,21.83162],[70.10921,21.82441],[70.10114,21.81747],[70.09684,21.82326],[70.09014,21.8192],[70.08063,21.81979],[70.09393,21.80263],[70.06022,21.80224],[70.03473,21.79172],[70.02993,21.79321],[70.04085,21.77955],[70.05077,21.77518],[70.05373,21.76062],[70.06626,21.75242],[70.07063,21.73879],[70.07816,21.73336],[70.08345,21.73694],[70.08882,21.70303],[70.11769,21.70683],[70.12929,21.69461],[70.14156,21.68858],[70.15184,21.65301],[70.13913,21.64336],[70.12695,21.64323],[70.13852,21.6122],[70.14562,21.60973],[70.16552,21.61264],[70.18727,21.62658],[70.22806,21.63852],[70.24477,21.61305],[70.25556,21.61047],[70.26152,21.61542],[70.26522,21.6131],[70.26523,21.5974],[70.27159,21.57589],[70.24645,21.56758],[70.25497,21.53782],[70.25279,21.52967],[70.25931,21.52666],[70.26672,21.52635],[70.27902,21.54125],[70.29579,21.54617],[70.29139,21.57004],[70.30375,21.58979],[70.33208,21.59015],[70.36571,21.59637],[70.37005,21.59981],[70.37291,21.6237],[70.36799,21.63934],[70.37399,21.63558],[70.38495,21.63823],[70.39258,21.64133],[70.39058,21.64902],[70.41779,21.65244],[70.42004,21.65842],[70.43637,21.65873],[70.44097,21.67401],[70.45081,21.67331],[70.45108,21.66375],[70.45869,21.64995],[70.48723,21.65535],[70.48863,21.64871],[70.50615,21.65592],[70.50595,21.667],[70.54172,21.67586],[70.55234,21.67301],[70.55375,21.64753],[70.5447,21.64533],[70.55091,21.63474],[70.60072,21.62984],[70.60801,21.62076],[70.62688,21.63418],[70.6345,21.63485],[70.64239,21.6521],[70.65611,21.64917],[70.66039,21.64433],[70.67442,21.64378],[70.68547,21.63516],[70.68246,21.6285],[70.68467,21.6233],[70.69706,21.60519],[70.70143,21.60431],[70.72418,21.6108],[70.72179,21.61375],[70.72628,21.61505],[70.72754,21.63451],[70.73127,21.64057],[70.74202,21.64496],[70.73625,21.66577],[70.75625,21.67664],[70.76351,21.67648],[70.76443,21.67141],[70.77165,21.67206],[70.77755,21.66234],[70.79665,21.66907],[70.79572,21.6971],[70.79951,21.70542],[70.80918,21.70869],[70.80846,21.71189],[70.79542,21.71401],[70.79383,21.70916],[70.78519,21.70924],[70.77537,21.70011],[70.76729,21.71025],[70.7851,21.72],[70.77783,21.73083],[70.80041,21.74205],[70.80451,21.7361],[70.81809,21.73201],[70.82125,21.73342],[70.81954,21.73859],[70.81428,21.73839],[70.81796,21.73998],[70.81459,21.74413],[70.83538,21.7451],[70.84978,21.73658],[70.87377,21.7405],[70.87975,21.73207],[70.88942,21.73764],[70.88722,21.74761],[70.89336,21.75656],[70.8927,21.76484],[70.89853,21.76286],[70.89736,21.77027],[70.92089,21.76377],[70.93001,21.74726],[70.95203,21.74353],[70.96434,21.75048],[70.9783,21.72597],[70.99132,21.72602],[70.99069,21.73024],[71.01269,21.73647],[71.02302,21.7356],[71.0474,21.75573],[71.04164,21.76886],[71.05212,21.79115],[71.03955,21.80692],[71.04641,21.81634],[71.0472,21.82472],[71.07026,21.82846],[71.08522,21.82214],[71.09069,21.82795],[71.08955,21.83662],[71.1039,21.84161],[71.10539,21.84967],[71.10953,21.85113],[71.10497,21.8715],[71.05721,21.84901],[71.03054,21.87414],[71.04933,21.87664],[71.06345,21.88555],[71.06296,21.89532],[71.05711,21.89848],[71.05578,21.9047],[71.06728,21.91097],[71.08467,21.91742],[71.09565,21.91467],[71.11504,21.91891],[71.12822,21.94756],[71.13847,21.95046],[71.14752,21.94549],[71.14923,21.9543],[71.16155,21.95686],[71.16314,21.96323],[71.17874,21.95995],[71.17948,21.9652],[71.20072,21.97164],[71.19862,22.002],[71.18932,22.00611],[71.18797,22.01182],[71.19574,22.0141],[71.20146,22.00927],[71.22947,22.00631],[71.25131,22.01125],[71.25804,22.00188],[71.25283,21.97219],[71.26121,21.96612],[71.25848,21.96172],[71.26323,21.95757],[71.27135,21.96143],[71.29414,21.96239],[71.28884,21.97028],[71.29932,21.97563],[71.27722,22.01166],[71.27762,22.01935],[71.28403,22.02009],[71.28708,22.02626],[71.29946,22.0323],[71.30296,22.04173],[71.33062,22.03124],[71.33465,22.01753],[71.33358,22.00387],[71.34047,22.00414],[71.34438,21.98226],[71.37156,21.98375],[71.38188,21.989],[71.39263,21.98049],[71.42323,21.99034],[71.42622,21.99655],[71.46263,22.00203],[71.46645,22.00646],[71.4582,22.02017],[71.46104,22.03626],[71.47303,22.03731],[71.48873,22.04629],[71.48812,22.05515],[71.50052,22.05399],[71.4979,22.06729],[71.50197,22.07882],[71.50011,22.10316],[71.50923,22.11173],[71.49408,22.13534],[71.47597,22.13913],[71.48475,22.16838],[71.48548,22.18676],[71.47771,22.18547],[71.47154,22.19406],[71.45005,22.20355],[71.44899,22.21045],[71.43504,22.20571],[71.43306,22.20859],[71.43659,22.20924],[71.4345,22.21965],[71.46122,22.23091],[71.46366,22.24645],[71.46026,22.2564],[71.45121,22.25229],[71.44225,22.26059],[71.43598,22.26135],[71.43587,22.24857],[71.42904,22.23554],[71.40731,22.22405],[71.397,22.22278],[71.3911,22.22589],[71.39495,22.24742],[71.38977,22.25166],[71.39196,22.2778],[71.38123,22.2781],[71.38113,22.27322],[71.37737,22.27337],[71.37355,22.28052],[71.36897,22.28071],[71.37264,22.29229],[71.36596,22.29093],[71.36087,22.26885],[71.34605,22.25901],[71.32708,22.27602],[71.31014,22.28043],[71.30489,22.26635],[71.30813,22.26328],[71.30412,22.26214],[71.30693,22.2537],[71.30328,22.25117],[71.28761,22.25473],[71.28207,22.26476],[71.2881,22.26763],[71.28571,22.26895],[71.2688,22.27041],[71.25692,22.27645],[71.2357,22.27655],[71.23248,22.25246],[71.21348,22.24298],[71.21535,22.23177],[71.22132,22.2274],[71.21746,22.21964],[71.22867,22.21713],[71.25253,22.22143],[71.26942,22.21358],[71.28173,22.21764],[71.30295,22.18445],[71.29665,22.16837],[71.28868,22.1616],[71.27722,22.15977],[71.24917,22.16957],[71.23313,22.16383],[71.21713,22.1871],[71.19188,22.17506],[71.19662,22.16436],[71.17521,22.15891],[71.17688,22.14405],[71.1469,22.13302],[71.14387,22.12454],[71.1246,22.12494],[71.11825,22.13469],[71.12377,22.13756],[71.12702,22.1495],[71.15912,22.16491],[71.1628,22.1855],[71.14246,22.19215],[71.12005,22.22161],[71.10775,22.24624],[71.11523,22.25526],[71.08164,22.25573],[71.07764,22.26626],[71.07199,22.26794],[71.07252,22.27237],[71.0571,22.27878],[71.06446,22.30789],[71.0212,22.32996],[71.01316,22.35873],[71.01912,22.36541],[71.0184,22.37788],[71.0267,22.37694],[71.04133,22.38577],[71.03351,22.39561],[71.02303,22.39934],[71.01277,22.41187],[71.00294,22.40316],[70.99151,22.40153],[70.98046,22.41532],[70.94836,22.42857],[70.94109,22.42479],[70.93541,22.42759],[70.93318,22.43718],[70.92781,22.44098],[70.92126,22.4389],[70.92098,22.4424],[70.91512,22.44027],[70.90454,22.44472],[70.89094,22.44291],[70.8792,22.4549],[70.87329,22.45415],[70.87139,22.45937],[70.84781,22.46007],[70.84756,22.46401],[70.83547,22.4711],[70.8212,22.47032],[70.81362,22.48205],[70.812,22.47692],[70.79547,22.47511],[70.78895,22.4638],[70.79115,22.4572],[70.78545,22.45473],[70.792,22.43404],[70.80581,22.43409],[70.79144,22.42167],[70.78427,22.4205],[70.78222,22.42599],[70.77806,22.42514],[70.78369,22.42898],[70.78834,22.42553],[70.782,22.43462],[70.77758,22.43059],[70.77281,22.43458],[70.77375,22.43177],[70.7568,22.42125],[70.755,22.41597],[70.75436,22.42536],[70.7498,22.41466],[70.75075,22.42442],[70.74673,22.42138],[70.7394,22.43231],[70.72449,22.42623],[70.71564,22.43343],[70.69474,22.43616],[70.68396,22.44823],[70.68008,22.4618],[70.65731,22.47492],[70.6668,22.47308],[70.66758,22.4797],[70.66041,22.49303],[70.65516,22.4919],[70.65917,22.50359],[70.65173,22.50207],[70.64319,22.50835],[70.64598,22.51243],[70.64367,22.51733],[70.62536,22.51077],[70.61954,22.53281],[70.62388,22.53557],[70.62613,22.54937],[70.63164,22.55348],[70.62911,22.55707],[70.6355,22.55826],[70.64021,22.56656],[70.6409,22.58004],[70.632,22.57667],[70.62854,22.58163],[70.60997,22.58718],[70.60488,22.58452],[70.60191,22.58988],[70.60614,22.59146],[70.60412,22.60652],[70.59132,22.60835],[70.58493,22.61391]],[[70.52174,22.45777],[70.53791,22.43794],[70.53428,22.43544],[70.5287,22.4359],[70.52653,22.44397],[70.51055,22.4602],[70.51648,22.45907],[70.51982,22.46268],[70.52174,22.45777]],[[70.77498,21.80183],[70.77839,21.80181],[70.78864,21.78641],[70.78737,21.78095],[70.80094,21.77397],[70.79318,21.77055],[70.78883,21.75916],[70.76609,21.74976],[70.7598,21.76575],[70.7661,21.79624],[70.77498,21.80183]],[[71.33766,22.21061],[71.33036,22.21219],[71.32969,22.21808],[71.32115,22.2154],[71.31792,22.21614],[71.31956,22.2196],[71.31195,22.21852],[71.30685,22.22716],[71.32333,22.24502],[71.34529,22.24986],[71.36335,22.23159],[71.33766,22.21061]]]]}},{"type":"Feature","properties":{"district":"Sabarkantha","code":"SK","source_name":"Sabar Kantha","dtcode11":"472"},"geometry":{"type":"MultiPolygon","coordinates":[[[[73.08612,24.49842],[73.07171,24.49195],[73.07242,24.48708],[73.06739,24.48356],[73.06023,24.48391],[73.05666,24.47799],[73.04794,24.47456],[73.04853,24.46907],[73.03459,24.46415],[73.03171,24.46718],[73.00341,24.46656],[73.00146,24.46919],[73.00666,24.47534],[73.00426,24.48138],[73.00042,24.48354],[72.99331,24.47956],[72.96779,24.4506],[72.97463,24.44908],[72.97313,24.44216],[72.98099,24.43403],[72.97311,24.4261],[72.96672,24.41083],[72.94946,24.39912],[72.95442,24.39122],[72.9689,24.386],[72.97748,24.37746],[72.97484,24.36831],[72.95948,24.36087],[72.96656,24.34861],[72.96204,24.32162],[72.96714,24.31314],[72.97435,24.30715],[72.99675,24.30792],[73.00146,24.28896],[73.01348,24.27839],[73.02263,24.28156],[73.02803,24.27364],[73.01392,24.23469],[72.99163,24.22337],[72.99181,24.18392],[72.95666,24.15891],[72.95294,24.1385],[72.94294,24.13522],[72.94056,24.12065],[72.9464,24.10899],[72.92751,24.08841],[72.93076,24.0715],[72.92229,24.05915],[72.92317,24.04058],[72.89872,24.0254],[72.87474,24.02734],[72.85888,24.02085],[72.852,24.01047],[72.85705,23.98985],[72.85161,23.97308],[72.82768,23.96156],[72.81845,23.9479],[72.82948,23.93752],[72.83048,23.93143],[72.80483,23.91512],[72.80387,23.87568],[72.79073,23.85114],[72.78858,23.8268],[72.79409,23.81685],[72.80572,23.81216],[72.81443,23.79791],[72.8046,23.78507],[72.79486,23.75929],[72.80078,23.74597],[72.80104,23.73397],[72.83012,23.68847],[72.83406,23.67346],[72.83379,23.66325],[72.81551,23.64027],[72.83047,23.61957],[72.84226,23.61323],[72.84004,23.60227],[72.81056,23.58952],[72.8061,23.57016],[72.83107,23.54587],[72.83281,23.53518],[72.82346,23.52284],[72.83387,23.51827],[72.82748,23.51441],[72.82499,23.50068],[72.81829,23.49998],[72.80284,23.5074],[72.79788,23.50278],[72.79929,23.49515],[72.8142,23.48056],[72.81946,23.46951],[72.80719,23.44046],[72.79349,23.42665],[72.80315,23.41027],[72.80214,23.40584],[72.79258,23.40466],[72.7786,23.41463],[72.7717,23.41513],[72.75988,23.40721],[72.73415,23.40323],[72.72688,23.39812],[72.72347,23.38968],[72.74071,23.39306],[72.75277,23.38712],[72.74662,23.37446],[72.76451,23.36727],[72.76078,23.35865],[72.76505,23.35464],[72.80779,23.35575],[72.80459,23.33405],[72.79694,23.33143],[72.80147,23.31874],[72.81031,23.31877],[72.82592,23.33024],[72.83379,23.33139],[72.85489,23.31532],[72.86458,23.31346],[72.88325,23.3129],[72.88437,23.32235],[72.89429,23.3247],[72.91619,23.3221],[72.91263,23.31767],[72.91418,23.29657],[72.88448,23.29322],[72.88372,23.28832],[72.89885,23.28104],[72.92047,23.29095],[72.919,23.26366],[72.92707,23.25858],[72.92725,23.2489],[72.93219,23.24672],[72.92997,23.24268],[72.93364,23.24365],[72.93617,23.23896],[72.94454,23.24136],[72.94788,23.25248],[72.95568,23.24061],[72.95986,23.24133],[72.96332,23.25165],[72.9592,23.25345],[72.95981,23.25909],[72.96935,23.25567],[72.97018,23.26511],[72.97839,23.2639],[72.96585,23.27583],[72.95876,23.27529],[72.96034,23.28083],[72.96983,23.28016],[72.97782,23.28448],[72.98713,23.28243],[72.99495,23.29019],[73.02273,23.27495],[73.05367,23.28516],[73.05588,23.2757],[73.05056,23.27229],[73.05422,23.26473],[73.06681,23.25785],[73.07971,23.26415],[73.08244,23.27065],[73.09109,23.27519],[73.07871,23.29067],[73.0806,23.30111],[73.08639,23.31473],[73.09817,23.31818],[73.10332,23.32453],[73.09999,23.33513],[73.10294,23.34844],[73.09301,23.35753],[73.08589,23.3578],[73.0895,23.36274],[73.08742,23.36734],[73.07326,23.37283],[73.09291,23.3841],[73.09221,23.37558],[73.10544,23.37636],[73.11463,23.37122],[73.13103,23.37898],[73.13532,23.39585],[73.12484,23.41432],[73.13594,23.41471],[73.13732,23.41117],[73.14405,23.41412],[73.1407,23.42279],[73.12266,23.41658],[73.12306,23.4348],[73.12698,23.44144],[73.11699,23.45328],[73.12501,23.46311],[73.12031,23.46633],[73.12989,23.47248],[73.13052,23.47922],[73.13847,23.48155],[73.15022,23.48074],[73.1554,23.47581],[73.16786,23.50008],[73.1714,23.51678],[73.16866,23.52119],[73.17248,23.52257],[73.1659,23.52646],[73.16016,23.53783],[73.16134,23.54515],[73.1783,23.55039],[73.17915,23.55388],[73.1961,23.55432],[73.19303,23.57486],[73.19844,23.57974],[73.20218,23.57849],[73.20893,23.61045],[73.20025,23.62645],[73.18907,23.62625],[73.18608,23.63596],[73.19749,23.64379],[73.19821,23.64962],[73.17841,23.64376],[73.16789,23.6501],[73.15946,23.64993],[73.15434,23.66338],[73.15737,23.6755],[73.14307,23.67931],[73.14893,23.68806],[73.14603,23.69212],[73.12481,23.7074],[73.11175,23.69763],[73.11624,23.70596],[73.12607,23.70983],[73.12778,23.72495],[73.14149,23.72615],[73.14828,23.73526],[73.13406,23.73872],[73.13235,23.74456],[73.14086,23.77761],[73.14637,23.78255],[73.15938,23.78133],[73.16411,23.79969],[73.17738,23.82045],[73.20254,23.82362],[73.22541,23.85623],[73.22273,23.88334],[73.22698,23.88593],[73.24216,23.88657],[73.24164,23.87655],[73.24973,23.85808],[73.26771,23.84795],[73.27753,23.8361],[73.28881,23.83282],[73.29245,23.83995],[73.29648,23.83883],[73.30527,23.85905],[73.28706,23.87192],[73.29483,23.88898],[73.30754,23.88978],[73.31264,23.88092],[73.32521,23.88875],[73.34219,23.88353],[73.34306,23.90017],[73.35733,23.91026],[73.3785,23.90332],[73.39071,23.91788],[73.40653,23.91642],[73.409,23.92149],[73.42049,23.92674],[73.42054,23.93175],[73.41325,23.93908],[73.41497,23.9857],[73.39862,23.98997],[73.40376,23.99322],[73.40801,24.00801],[73.4009,24.03212],[73.40471,24.04095],[73.38626,24.06464],[73.36088,24.0812],[73.36177,24.10477],[73.34711,24.10671],[73.33836,24.09874],[73.33302,24.10861],[73.32634,24.10956],[73.32145,24.09715],[73.32528,24.0773],[73.31672,24.05355],[73.2967,24.04387],[73.28244,24.01921],[73.26534,24.02023],[73.24934,24.0031],[73.2428,24.0022],[73.23665,24.01225],[73.22976,24.01558],[73.22939,24.02202],[73.21075,24.02876],[73.20892,24.0338],[73.19316,24.04091],[73.2024,24.0509],[73.21395,24.0776],[73.15893,24.09823],[73.15355,24.11269],[73.13748,24.12254],[73.12523,24.12477],[73.11043,24.14222],[73.10344,24.14366],[73.09917,24.15937],[73.07659,24.17911],[73.06745,24.1946],[73.07928,24.20501],[73.07847,24.21928],[73.09224,24.22325],[73.09713,24.23099],[73.08792,24.23373],[73.09339,24.23789],[73.09536,24.24926],[73.10361,24.2554],[73.10761,24.26424],[73.12546,24.27334],[73.13545,24.30834],[73.14088,24.311],[73.16923,24.30022],[73.1736,24.3085],[73.17636,24.33779],[73.18167,24.34323],[73.18785,24.33394],[73.19857,24.33185],[73.20627,24.35118],[73.21927,24.36381],[73.19853,24.37682],[73.18081,24.36656],[73.17072,24.35573],[73.15204,24.35426],[73.13283,24.36696],[73.11166,24.37347],[73.10535,24.3825],[73.10229,24.38171],[73.10003,24.39029],[73.08751,24.38654],[73.07651,24.39651],[73.10284,24.43292],[73.0984,24.44792],[73.10329,24.45567],[73.10183,24.47072],[73.09114,24.47501],[73.0959,24.49003],[73.08612,24.49842]]],[[[73.22927,23.08486],[73.22996,23.08576],[73.22966,23.0856],[73.2294,23.08532],[73.22907,23.08512],[73.229,23.08472],[73.22927,23.08486]]]]}},{"type":"Feature","properties":{"district":"Surat","code":"ST","source_name":"Surat","dtcode11":"492"},"geometry":{"type":"MultiPolygon","coordinates":[[[[73.05559,21.56875],[73.04693,21.56335],[73.04849,21.54205],[73.03662,21.53331],[73.03911,21.52433],[73.05625,21.50277],[73.05478,21.48406],[73.04329,21.48157],[73.04222,21.477],[73.03677,21.48471],[73.02619,21.48264],[73.0236,21.49269],[73.02074,21.49118],[73.0166,21.49876],[73.02071,21.52115],[73.01619,21.52545],[73.00791,21.52391],[72.99585,21.54175],[72.98637,21.54129],[72.98384,21.52274],[72.95718,21.5189],[72.94134,21.51237],[72.94283,21.50183],[72.9529,21.48387],[72.93832,21.47348],[72.92338,21.46928],[72.92161,21.4526],[72.90682,21.42993],[72.89375,21.4333],[72.88758,21.44483],[72.87523,21.43401],[72.87101,21.43626],[72.8681,21.43344],[72.87025,21.44122],[72.87786,21.44632],[72.87107,21.45595],[72.8679,21.44401],[72.85081,21.4534],[72.83712,21.44852],[72.83334,21.44006],[72.82631,21.43648],[72.82321,21.42605],[72.81356,21.42206],[72.80607,21.42551],[72.78945,21.42123],[72.78316,21.42838],[72.78839,21.44623],[72.78488,21.45943],[72.7612,21.44859],[72.75209,21.45461],[72.75047,21.4668],[72.74384,21.46679],[72.73535,21.47469],[72.69326,21.46161],[72.69237,21.45221],[72.67262,21.42626],[72.65226,21.38404],[72.64933,21.37282],[72.65412,21.34612],[72.6496,21.34273],[72.62753,21.3412],[72.62137,21.3243],[72.60481,21.32516],[72.59801,21.31726],[72.6004,21.28977],[72.61052,21.28065],[72.60937,21.26882],[72.61989,21.25357],[72.62231,21.24249],[72.64529,21.22506],[72.65741,21.22455],[72.65215,21.21459],[72.63812,21.211],[72.62868,21.14402],[72.61875,21.11412],[72.62068,21.09913],[72.62684,21.08528],[72.64815,21.07521],[72.65549,21.07754],[72.66498,21.0996],[72.70208,21.09558],[72.69226,21.07833],[72.69333,21.06571],[72.6992,21.0614],[72.72809,21.06677],[72.74561,21.0606],[72.75041,21.0634],[72.77521,21.06211],[72.79296,21.07345],[72.81416,21.05557],[72.82662,21.05924],[72.83129,21.05541],[72.83585,21.03406],[72.8452,21.04688],[72.85287,21.03745],[72.86089,21.03732],[72.85678,21.04981],[72.86267,21.05269],[72.87118,21.04909],[72.87104,21.05606],[72.88126,21.05517],[72.88809,21.04783],[72.89204,21.06209],[72.89573,21.05146],[72.9081,21.04161],[72.92828,21.04245],[72.92642,21.05174],[72.9457,21.05906],[72.95222,21.06941],[72.9626,21.06569],[72.96209,21.07404],[72.96975,21.0687],[72.96459,21.05802],[72.97737,21.06511],[72.99536,21.05971],[72.99574,21.07199],[72.98998,21.0748],[72.99378,21.07933],[72.99992,21.06956],[73.01498,21.06498],[73.01859,21.05783],[73.01858,21.04962],[73.01272,21.04783],[73.01354,21.03614],[73.00714,21.03322],[73.00858,21.02221],[73.01511,21.01873],[73.02526,21.02034],[73.03089,21.00753],[73.0344,21.00433],[73.03887,21.0065],[73.05692,20.9849],[73.06355,20.98371],[73.06522,20.97465],[73.07224,20.97388],[73.07392,20.97707],[73.07659,20.97123],[73.08165,20.97251],[73.08291,20.96598],[73.08834,20.96708],[73.09234,20.93682],[73.0988,20.93025],[73.12566,20.92262],[73.12578,20.89748],[73.13494,20.89762],[73.14012,20.90539],[73.15676,20.90075],[73.16624,20.90271],[73.17883,20.88969],[73.18515,20.88888],[73.18935,20.86934],[73.19544,20.87031],[73.19567,20.85976],[73.21222,20.86142],[73.21485,20.85722],[73.22692,20.85608],[73.23547,20.84925],[73.23938,20.85185],[73.24757,20.84846],[73.24403,20.8325],[73.25356,20.81982],[73.30019,20.81683],[73.30543,20.8352],[73.30285,20.83696],[73.30646,20.8414],[73.31292,20.8414],[73.31238,20.84753],[73.30222,20.85048],[73.3019,20.85416],[73.30663,20.87825],[73.31115,20.88156],[73.31676,20.87985],[73.31564,20.90225],[73.30817,20.90768],[73.30751,20.91272],[73.29467,20.91817],[73.28851,20.93232],[73.26025,20.92245],[73.25922,20.9435],[73.25533,20.94749],[73.20982,20.95745],[73.222,20.96763],[73.22522,20.97603],[73.2366,20.98132],[73.2406,20.99129],[73.22635,21.00968],[73.21382,21.01097],[73.2045,21.01908],[73.20131,21.02792],[73.21234,21.03863],[73.20982,21.05139],[73.20344,21.05199],[73.19994,21.05817],[73.19853,21.07752],[73.22323,21.07909],[73.22412,21.09106],[73.22765,21.09209],[73.24706,21.08846],[73.24731,21.09199],[73.25313,21.09277],[73.24715,21.11448],[73.22721,21.11732],[73.22337,21.13378],[73.2472,21.12851],[73.25393,21.122],[73.26039,21.13261],[73.26931,21.13157],[73.27071,21.14736],[73.28486,21.15639],[73.28671,21.17245],[73.28316,21.18425],[73.28865,21.19649],[73.30836,21.19969],[73.33417,21.21676],[73.36358,21.21643],[73.37513,21.22521],[73.37704,21.24101],[73.36504,21.26889],[73.41247,21.27799],[73.44226,21.26775],[73.44838,21.27737],[73.44753,21.30748],[73.43954,21.31533],[73.43235,21.31381],[73.44021,21.32602],[73.43879,21.34524],[73.45481,21.38386],[73.5101,21.37866],[73.51183,21.35729],[73.52484,21.35016],[73.52565,21.36481],[73.53649,21.36906],[73.54552,21.36358],[73.57983,21.36944],[73.58978,21.36565],[73.59385,21.37056],[73.59754,21.36798],[73.6089,21.37036],[73.60879,21.37575],[73.61333,21.37837],[73.6652,21.38256],[73.68467,21.39314],[73.69918,21.39628],[73.69256,21.40192],[73.69132,21.41664],[73.69539,21.42813],[73.68842,21.4382],[73.68983,21.4464],[73.67639,21.47268],[73.66668,21.47237],[73.65221,21.48021],[73.62871,21.4728],[73.60698,21.47243],[73.60022,21.48446],[73.55509,21.47445],[73.54814,21.48021],[73.52793,21.47934],[73.51078,21.48736],[73.4945,21.48556],[73.49366,21.49078],[73.48612,21.49438],[73.48806,21.5153],[73.46838,21.5082],[73.4654,21.51984],[73.45285,21.52787],[73.41591,21.52077],[73.4124,21.51126],[73.39907,21.50874],[73.37699,21.51929],[73.36737,21.5172],[73.34607,21.52202],[73.34767,21.51703],[73.3399,21.50208],[73.32444,21.48538],[73.30652,21.50166],[73.30935,21.5078],[73.28684,21.50653],[73.27267,21.51078],[73.26282,21.50355],[73.2566,21.50374],[73.25761,21.49784],[73.25029,21.49386],[73.23417,21.49385],[73.21569,21.50473],[73.18875,21.5067],[73.17164,21.49524],[73.14142,21.49808],[73.1421,21.4943],[73.13323,21.49477],[73.13368,21.48883],[73.11945,21.48364],[73.11575,21.49801],[73.10128,21.50002],[73.10518,21.50452],[73.10345,21.50789],[73.07785,21.5053],[73.07936,21.53587],[73.07555,21.55164],[73.06817,21.56366],[73.05559,21.56875]]]]}},{"type":"Feature","properties":{"district":"Surendranagar","code":"SN","source_name":"Surendranagar","dtcode11":"475"},"geometry":{"type":"MultiPolygon","coordinates":[[[[71.60335,23.49717],[71.59827,23.50186],[71.58792,23.49945],[71.58165,23.49135],[71.56472,23.4955],[71.53377,23.47878],[71.53218,23.46091],[71.54792,23.45576],[71.55418,23.44268],[71.56128,23.44029],[71.56015,23.43105],[71.57004,23.4115],[71.59276,23.42299],[71.60288,23.42358],[71.5818,23.40549],[71.58101,23.40014],[71.58927,23.39706],[71.57218,23.39041],[71.56381,23.37277],[71.56657,23.36891],[71.58347,23.36888],[71.59441,23.37761],[71.6008,23.37502],[71.58574,23.36494],[71.56678,23.3617],[71.56142,23.35258],[71.58364,23.36298],[71.58716,23.35539],[71.60343,23.35128],[71.61608,23.35442],[71.64141,23.33816],[71.65148,23.31836],[71.64383,23.30509],[71.62909,23.29139],[71.63594,23.28991],[71.6356,23.28467],[71.63973,23.28629],[71.64673,23.27866],[71.65921,23.29038],[71.67134,23.28801],[71.6746,23.29307],[71.67744,23.28854],[71.67585,23.27472],[71.6603,23.27434],[71.66352,23.26665],[71.65966,23.26001],[71.67785,23.25786],[71.68675,23.24923],[71.69496,23.25261],[71.69718,23.24809],[71.69624,23.24363],[71.68804,23.24037],[71.66188,23.2412],[71.65367,23.23671],[71.6536,23.23225],[71.67068,23.22631],[71.65757,23.20746],[71.67681,23.20193],[71.68299,23.18441],[71.68929,23.18181],[71.70903,23.20076],[71.72146,23.1981],[71.71325,23.19385],[71.70017,23.17521],[71.70839,23.1686],[71.72397,23.16508],[71.73237,23.17698],[71.7485,23.17798],[71.75019,23.16755],[71.76272,23.15493],[71.75848,23.14156],[71.74492,23.13581],[71.75935,23.12483],[71.76122,23.11703],[71.74954,23.12199],[71.73598,23.11934],[71.72759,23.11162],[71.72654,23.10407],[71.72245,23.10343],[71.72516,23.09898],[71.71987,23.09064],[71.71035,23.09516],[71.70835,23.11552],[71.68999,23.12453],[71.68913,23.13116],[71.68536,23.12893],[71.67237,23.13455],[71.6683,23.13888],[71.6696,23.14299],[71.66198,23.13833],[71.64069,23.14415],[71.61299,23.13954],[71.61056,23.1446],[71.60594,23.13478],[71.60134,23.14375],[71.59422,23.13233],[71.58989,23.1355],[71.57376,23.13285],[71.57066,23.1348],[71.57267,23.13757],[71.56766,23.13714],[71.56938,23.14197],[71.56169,23.13848],[71.55448,23.14365],[71.55566,23.14045],[71.55075,23.14016],[71.54666,23.14951],[71.53889,23.15498],[71.52257,23.15613],[71.52072,23.15332],[71.51564,23.15836],[71.51261,23.15046],[71.50672,23.15532],[71.50332,23.14979],[71.50022,23.15196],[71.4755,23.14643],[71.46719,23.13954],[71.45385,23.13888],[71.44977,23.13205],[71.44478,23.14607],[71.42963,23.1471],[71.42488,23.14164],[71.39625,23.15304],[71.39018,23.1457],[71.38678,23.14678],[71.38922,23.15362],[71.36534,23.15925],[71.36059,23.17291],[71.35003,23.17437],[71.34071,23.16246],[71.33206,23.1611],[71.33336,23.17138],[71.32555,23.17322],[71.31981,23.18605],[71.31553,23.18226],[71.31212,23.16621],[71.3051,23.1667],[71.31633,23.14328],[71.34321,23.14395],[71.34561,23.13575],[71.35328,23.13337],[71.35958,23.11952],[71.34276,23.11504],[71.34749,23.09829],[71.34002,23.09214],[71.32609,23.08494],[71.307,23.08239],[71.30615,23.07498],[71.29762,23.07492],[71.29189,23.06788],[71.3023,23.04472],[71.29819,23.04453],[71.29408,23.03028],[71.29552,23.01839],[71.31477,23.01388],[71.31654,22.98713],[71.29364,22.97378],[71.30284,22.94769],[71.29402,22.93373],[71.28982,22.93387],[71.29227,22.91894],[71.28425,22.91037],[71.27061,22.90572],[71.26246,22.8722],[71.24521,22.86264],[71.25473,22.8371],[71.2441,22.83219],[71.23998,22.8258],[71.22749,22.8222],[71.2149,22.82361],[71.20718,22.83037],[71.18984,22.82682],[71.18902,22.83008],[71.18371,22.82579],[71.1614,22.86151],[71.13908,22.86221],[71.1403,22.83934],[71.14511,22.82732],[71.09949,22.82304],[71.10427,22.81386],[71.1251,22.79777],[71.12494,22.78426],[71.13305,22.76181],[71.12292,22.7567],[71.12585,22.74259],[71.14587,22.72084],[71.14973,22.71071],[71.16389,22.70241],[71.1626,22.68378],[71.16032,22.67792],[71.12806,22.65244],[71.12878,22.6353],[71.10932,22.64253],[71.09652,22.62118],[71.10233,22.60305],[71.093,22.60657],[71.09285,22.59028],[71.10226,22.58304],[71.09446,22.56322],[71.0758,22.55678],[71.07057,22.54973],[71.07241,22.54405],[71.06144,22.53759],[71.09002,22.52053],[71.09377,22.51386],[71.10041,22.51281],[71.11546,22.54801],[71.13413,22.54594],[71.14398,22.52508],[71.16393,22.50451],[71.16397,22.48476],[71.14512,22.47849],[71.12988,22.4813],[71.13111,22.46077],[71.11737,22.4512],[71.12587,22.43815],[71.10016,22.43285],[71.09813,22.40502],[71.09408,22.39983],[71.08686,22.39768],[71.07599,22.405],[71.07187,22.42347],[71.05771,22.43776],[71.04928,22.43489],[71.03783,22.44088],[71.02429,22.44026],[70.98091,22.41479],[70.99151,22.40153],[71.00294,22.40316],[71.01277,22.41187],[71.02303,22.39934],[71.04033,22.38897],[71.04133,22.38577],[71.03162,22.37923],[71.0184,22.37788],[71.01912,22.36541],[71.01312,22.35415],[71.01889,22.33378],[71.02914,22.32471],[71.04059,22.32276],[71.06446,22.30789],[71.0571,22.27878],[71.07252,22.27237],[71.07199,22.26794],[71.07764,22.26626],[71.08164,22.25573],[71.11523,22.25526],[71.10775,22.24624],[71.12005,22.22161],[71.14246,22.19215],[71.1628,22.1855],[71.15912,22.16491],[71.12702,22.1495],[71.12377,22.13756],[71.11825,22.13469],[71.1246,22.12494],[71.14387,22.12454],[71.1469,22.13302],[71.17688,22.14405],[71.17521,22.15891],[71.19662,22.16436],[71.19188,22.17506],[71.21713,22.1871],[71.23313,22.16383],[71.24917,22.16957],[71.27722,22.15977],[71.28868,22.1616],[71.29665,22.16837],[71.30295,22.18445],[71.28173,22.21764],[71.26942,22.21358],[71.25253,22.22143],[71.22867,22.21713],[71.21746,22.21964],[71.22132,22.2274],[71.21535,22.23177],[71.21348,22.24298],[71.23248,22.25246],[71.2357,22.27655],[71.25692,22.27645],[71.2688,22.27041],[71.28571,22.26895],[71.2881,22.26763],[71.28207,22.26476],[71.28761,22.25473],[71.30328,22.25117],[71.30693,22.2537],[71.30412,22.26214],[71.30813,22.26328],[71.30489,22.26635],[71.31014,22.28043],[71.32708,22.27602],[71.34605,22.25901],[71.36126,22.26937],[71.36596,22.29093],[71.37023,22.29304],[71.3742,22.29152],[71.36897,22.28071],[71.37355,22.28052],[71.37737,22.27337],[71.38113,22.27322],[71.38123,22.2781],[71.39196,22.2778],[71.38977,22.25166],[71.39495,22.24742],[71.3911,22.22589],[71.40731,22.22405],[71.42904,22.23554],[71.43587,22.24857],[71.43598,22.26135],[71.44685,22.27534],[71.4459,22.28926],[71.49545,22.30388],[71.53036,22.34303],[71.56511,22.3419],[71.56916,22.32248],[71.57889,22.31997],[71.58859,22.33312],[71.58866,22.33977],[71.5828,22.34135],[71.5825,22.34726],[71.59229,22.34738],[71.59217,22.35448],[71.60156,22.35124],[71.60181,22.33979],[71.6299,22.34388],[71.62623,22.35432],[71.62638,22.38284],[71.63574,22.38041],[71.64976,22.40236],[71.67403,22.38435],[71.71153,22.39916],[71.72092,22.38218],[71.73552,22.38239],[71.74133,22.36362],[71.75478,22.36105],[71.79304,22.3637],[71.78918,22.38905],[71.79636,22.39612],[71.7996,22.39246],[71.8368,22.39637],[71.83176,22.36067],[71.8449,22.35779],[71.85256,22.36845],[71.8629,22.37131],[71.86067,22.39613],[71.8823,22.40673],[71.89202,22.42241],[71.90215,22.42373],[71.91764,22.40053],[71.92119,22.3805],[71.92812,22.38774],[71.93618,22.38059],[71.94115,22.38088],[71.9449,22.38475],[71.94441,22.40502],[71.93828,22.41581],[71.94155,22.42198],[71.93404,22.45329],[71.94221,22.4635],[71.97231,22.47256],[71.96854,22.47335],[71.96746,22.49256],[71.9416,22.48696],[71.93677,22.4797],[71.91672,22.48243],[71.91931,22.50163],[71.93147,22.50284],[71.92768,22.50932],[71.91858,22.50987],[71.91351,22.52638],[71.92601,22.52923],[71.92605,22.53486],[71.94157,22.54847],[71.97084,22.53861],[71.97306,22.5284],[71.96857,22.52584],[71.96703,22.51548],[71.97845,22.51171],[72.01575,22.51249],[72.0333,22.50673],[72.03906,22.48325],[72.04554,22.47456],[72.0509,22.47564],[72.05312,22.44302],[72.08394,22.43555],[72.09017,22.43577],[72.10584,22.44638],[72.12063,22.46131],[72.1462,22.47203],[72.15714,22.48101],[72.16405,22.47962],[72.14806,22.49567],[72.15278,22.50121],[72.14536,22.51698],[72.17267,22.53687],[72.18945,22.54227],[72.18476,22.55384],[72.15022,22.58392],[72.10399,22.60304],[72.09658,22.60531],[72.06695,22.59107],[72.06143,22.65355],[72.02305,22.68007],[72.05737,22.694],[72.0677,22.67502],[72.09404,22.6755],[72.10819,22.72112],[72.06982,22.73387],[72.05404,22.75061],[72.06253,22.75681],[72.05444,22.75954],[72.05573,22.77045],[72.04718,22.76843],[72.05722,22.79658],[72.04843,22.79882],[72.03562,22.80971],[72.04182,22.82653],[72.03457,22.83951],[72.03442,22.8599],[72.02801,22.82847],[72.01362,22.8181],[72.00908,22.81978],[71.99469,22.84545],[71.98958,22.86287],[71.9901,22.88236],[72.00247,22.89698],[71.99952,22.90803],[72.00534,22.92433],[71.99402,22.9378],[71.99571,22.95178],[72.01712,22.9811],[72.02081,22.99212],[72.01135,22.99298],[72.00879,23.00163],[72.0104,23.01187],[72.02175,23.0183],[72.01789,23.05077],[72.0155,23.05793],[72.00583,23.05523],[71.98506,23.06058],[71.97344,23.05849],[71.9608,23.04697],[71.95905,23.03558],[71.96212,23.02851],[71.9523,23.02878],[71.94614,23.03519],[71.95129,23.04751],[71.94553,23.06285],[71.93203,23.05969],[71.91882,23.06595],[71.91123,23.08046],[71.91373,23.08171],[71.90876,23.08412],[71.90901,23.09052],[71.89968,23.10252],[71.90446,23.12095],[71.90015,23.13745],[71.90478,23.14242],[71.90811,23.16082],[71.90613,23.17611],[71.92796,23.18035],[71.93129,23.19106],[71.94975,23.20396],[71.95457,23.20003],[71.96712,23.20932],[71.98831,23.20931],[71.99672,23.23923],[71.99572,23.24834],[71.97001,23.25015],[71.96135,23.24032],[71.94322,23.23685],[71.93359,23.26148],[71.9281,23.26554],[71.91976,23.26395],[71.90257,23.25595],[71.89706,23.21897],[71.87003,23.2184],[71.8742,23.22513],[71.87545,23.24959],[71.87975,23.25361],[71.87179,23.27184],[71.87261,23.2792],[71.88404,23.30231],[71.87624,23.30967],[71.87999,23.32146],[71.89446,23.32926],[71.88288,23.35762],[71.87203,23.36911],[71.8705,23.38169],[71.88789,23.39066],[71.90306,23.38073],[71.92831,23.38973],[71.95609,23.3875],[71.96842,23.40911],[71.97038,23.43097],[71.96351,23.46173],[71.9802,23.47842],[71.99301,23.48454],[71.99848,23.4988],[71.97999,23.50238],[71.97944,23.51962],[71.96883,23.5266],[71.94307,23.51818],[71.94228,23.49975],[71.92969,23.49684],[71.92868,23.49216],[71.90821,23.4938],[71.90478,23.48642],[71.90121,23.49058],[71.90219,23.48479],[71.88701,23.48539],[71.86236,23.47101],[71.85059,23.4551],[71.84985,23.4354],[71.83713,23.41816],[71.81734,23.40878],[71.80272,23.39397],[71.79369,23.39185],[71.76131,23.40363],[71.75774,23.41733],[71.76012,23.42658],[71.76232,23.43252],[71.76945,23.43506],[71.77785,23.45448],[71.7715,23.46804],[71.75796,23.46633],[71.74517,23.47385],[71.74346,23.46724],[71.73916,23.47032],[71.72642,23.46812],[71.72548,23.47984],[71.73231,23.48672],[71.73048,23.49061],[71.71998,23.49011],[71.70273,23.48107],[71.69113,23.4878],[71.67426,23.48893],[71.66643,23.48458],[71.6496,23.49253],[71.64467,23.49059],[71.61363,23.50119],[71.60335,23.49717]]],[[[71.34512,22.24716],[71.34031,22.24986],[71.33973,22.24659],[71.32333,22.24502],[71.30685,22.22716],[71.31195,22.21852],[71.31956,22.2196],[71.31792,22.21614],[71.32115,22.2154],[71.32969,22.21808],[71.33036,22.21219],[71.33622,22.2104],[71.34886,22.21786],[71.36344,22.23221],[71.34874,22.24778],[71.34512,22.24716]]]]}},{"type":"Feature","properties":{"district":"Tapi","code":"TP","source_name":"Tapi","dtcode11":"493"},"geometry":{"type":"MultiPolygon","coordinates":[[[[74.16473,21.56881],[74.15518,21.56704],[74.154,21.55675],[74.13915,21.55532],[74.13665,21.54634],[74.12984,21.55111],[74.12016,21.55132],[74.11898,21.55621],[74.11306,21.54836],[74.10988,21.55587],[74.10299,21.55611],[74.0974,21.5552],[74.09688,21.55073],[74.07925,21.55406],[74.08184,21.54854],[74.07223,21.54783],[74.05995,21.55023],[74.05452,21.55858],[74.05409,21.54771],[74.04728,21.54377],[74.04425,21.54712],[74.04316,21.54227],[74.03698,21.54495],[74.03787,21.55068],[74.02995,21.54541],[74.00522,21.55339],[73.99818,21.53869],[73.99301,21.54268],[73.98264,21.54009],[73.97401,21.54263],[73.97528,21.53248],[73.98291,21.52048],[73.97469,21.50953],[73.98059,21.49531],[73.97691,21.49507],[73.97829,21.48988],[73.97281,21.48868],[73.97529,21.48394],[73.98926,21.48129],[73.97144,21.46159],[73.94516,21.46042],[73.91751,21.4492],[73.89196,21.45324],[73.88186,21.45079],[73.83767,21.42378],[73.83408,21.41223],[73.81866,21.40117],[73.80257,21.41152],[73.7306,21.40876],[73.70989,21.40377],[73.70969,21.3996],[73.68467,21.39314],[73.6652,21.38256],[73.61333,21.37837],[73.60879,21.37575],[73.6089,21.37036],[73.59754,21.36798],[73.59385,21.37056],[73.58978,21.36565],[73.57983,21.36944],[73.54552,21.36358],[73.53481,21.36864],[73.52565,21.36481],[73.52484,21.35016],[73.51183,21.35729],[73.5101,21.37866],[73.45481,21.38386],[73.43879,21.34524],[73.44021,21.32602],[73.43235,21.31381],[73.43954,21.31533],[73.44753,21.30748],[73.44838,21.27737],[73.44226,21.26775],[73.41247,21.27799],[73.36504,21.26889],[73.37704,21.24101],[73.37513,21.22521],[73.36358,21.21643],[73.33417,21.21676],[73.30836,21.19969],[73.28865,21.19649],[73.28316,21.18425],[73.28671,21.17245],[73.28486,21.15639],[73.27071,21.14736],[73.26931,21.13157],[73.26039,21.13261],[73.25393,21.122],[73.2472,21.12851],[73.22337,21.13378],[73.22721,21.11732],[73.24715,21.11448],[73.25313,21.09277],[73.24731,21.09199],[73.24706,21.08846],[73.22765,21.09209],[73.22412,21.09106],[73.22323,21.07909],[73.19853,21.07752],[73.19994,21.05817],[73.20344,21.05199],[73.20982,21.05139],[73.21234,21.03863],[73.20131,21.02792],[73.2045,21.01908],[73.21382,21.01097],[73.22635,21.00968],[73.2406,20.99129],[73.2366,20.98132],[73.22522,20.97603],[73.222,20.96763],[73.20982,20.95745],[73.25533,20.94749],[73.25922,20.9435],[73.26025,20.92245],[73.28851,20.93232],[73.29467,20.91817],[73.30751,20.91272],[73.30817,20.90768],[73.31564,20.90225],[73.31676,20.87985],[73.32322,20.86863],[73.33286,20.86704],[73.33283,20.85973],[73.34211,20.86266],[73.34978,20.85964],[73.3505,20.84855],[73.36586,20.84134],[73.36727,20.83249],[73.37437,20.83117],[73.3806,20.82421],[73.38818,20.82236],[73.3963,20.82729],[73.44238,20.80855],[73.45352,20.80889],[73.46057,20.81702],[73.47248,20.81881],[73.48332,20.8149],[73.49611,20.81912],[73.49898,20.83917],[73.50491,20.84365],[73.50287,20.85587],[73.49181,20.86159],[73.49929,20.87747],[73.4882,20.89121],[73.4922,20.90007],[73.48967,20.91442],[73.49626,20.92147],[73.51109,20.926],[73.51246,20.93531],[73.53018,20.93431],[73.53032,20.93912],[73.51981,20.94699],[73.53272,20.94738],[73.53748,20.9512],[73.53584,20.95908],[73.54422,20.97403],[73.54694,21.00655],[73.55768,21.01479],[73.567,21.00991],[73.57285,21.01294],[73.59119,20.99952],[73.58506,20.97004],[73.59589,20.95885],[73.60066,20.97448],[73.6134,20.98131],[73.61077,20.9925],[73.62033,20.9908],[73.62967,20.97819],[73.63788,20.97525],[73.64479,20.97935],[73.64573,20.99046],[73.65218,20.99177],[73.65205,21.00244],[73.66024,21.0076],[73.67133,21.00106],[73.68706,21.00558],[73.69302,21.00071],[73.70538,21.00627],[73.71774,21.00648],[73.72536,21.00121],[73.7289,21.00599],[73.74095,21.00223],[73.75273,21.00606],[73.76532,20.99312],[73.77083,20.99463],[73.77495,20.98751],[73.79219,20.98269],[73.79736,20.9586],[73.81218,20.95571],[73.81855,20.94798],[73.82165,20.95365],[73.86703,20.94405],[73.87414,20.93852],[73.87594,20.92774],[73.88575,20.92954],[73.89215,20.95555],[73.89885,20.96015],[73.90782,20.95958],[73.9083,20.96676],[73.90114,20.98215],[73.89222,20.97931],[73.86886,20.98511],[73.84605,20.99993],[73.84365,20.98757],[73.82592,20.98909],[73.82062,20.99427],[73.81875,21.00436],[73.80725,21.00869],[73.81001,21.02812],[73.8065,21.03189],[73.80231,21.02413],[73.77876,21.01964],[73.76204,21.01078],[73.76832,21.03091],[73.76169,21.0382],[73.75361,21.0361],[73.74783,21.04069],[73.73815,21.04131],[73.73434,21.0549],[73.73715,21.07979],[73.72974,21.08224],[73.733,21.09845],[73.74357,21.11499],[73.72948,21.09968],[73.70529,21.10824],[73.70291,21.11821],[73.68874,21.1006],[73.67699,21.10837],[73.65168,21.10741],[73.64616,21.12107],[73.63081,21.1231],[73.61824,21.11827],[73.61169,21.1379],[73.61741,21.14252],[73.6049,21.14384],[73.59857,21.15645],[73.57829,21.1503],[73.57666,21.1565],[73.58305,21.16084],[73.57719,21.17058],[73.59362,21.17422],[73.59965,21.18162],[73.6065,21.17867],[73.60757,21.1588],[73.62905,21.15474],[73.62721,21.14317],[73.63442,21.1407],[73.64314,21.13938],[73.66473,21.14712],[73.66403,21.15309],[73.66755,21.15455],[73.68169,21.15117],[73.70159,21.15356],[73.70114,21.14613],[73.71878,21.13957],[73.73302,21.14217],[73.73693,21.15306],[73.72832,21.16175],[73.74014,21.17104],[73.74024,21.16753],[73.77215,21.16456],[73.78117,21.17091],[73.78475,21.18391],[73.80275,21.17484],[73.81569,21.17388],[73.81969,21.18654],[73.82572,21.18696],[73.82587,21.19994],[73.81526,21.19716],[73.81055,21.20742],[73.81163,21.23104],[73.82829,21.23979],[73.82269,21.27067],[73.82659,21.26764],[73.84976,21.27464],[73.87943,21.26577],[73.89725,21.27206],[73.92205,21.28945],[73.93224,21.29054],[73.94199,21.29909],[73.94217,21.32544],[73.94899,21.35098],[73.94389,21.39979],[73.93875,21.40484],[73.94696,21.40486],[73.95184,21.3952],[73.9593,21.39534],[73.97026,21.39763],[73.97784,21.40717],[73.97673,21.41175],[73.98227,21.40783],[74.00243,21.41734],[74.00267,21.42134],[74.02345,21.41772],[74.04467,21.41912],[74.04951,21.44014],[74.04557,21.44601],[74.06126,21.46182],[74.06309,21.47457],[74.07281,21.4687],[74.07548,21.45973],[74.07235,21.45696],[74.09463,21.45566],[74.10071,21.44764],[74.11632,21.45227],[74.11693,21.46189],[74.12522,21.46658],[74.13378,21.46579],[74.13588,21.45607],[74.14815,21.45797],[74.14749,21.46135],[74.16098,21.46878],[74.17305,21.46627],[74.18229,21.46912],[74.1877,21.4581],[74.20914,21.46206],[74.2142,21.48162],[74.23439,21.48222],[74.23562,21.46749],[74.25342,21.46758],[74.25578,21.47662],[74.304,21.48795],[74.30393,21.49938],[74.32064,21.49843],[74.32077,21.52905],[74.3256,21.53591],[74.33058,21.53526],[74.32639,21.54233],[74.33171,21.54395],[74.33036,21.55275],[74.32195,21.54848],[74.32073,21.55169],[74.30307,21.55206],[74.30289,21.56663],[74.29939,21.56851],[74.2761,21.56192],[74.27787,21.55329],[74.26842,21.55254],[74.26337,21.53983],[74.23597,21.53934],[74.23635,21.54829],[74.22898,21.5541],[74.22807,21.54904],[74.21359,21.53942],[74.19534,21.53194],[74.19314,21.53945],[74.18264,21.54224],[74.17514,21.55636],[74.17582,21.56869],[74.16473,21.56881]]]]}},{"type":"Feature","properties":{"district":"Vadodara","code":"VD","source_name":"Vadodara","dtcode11":"486"},"geometry":{"type":"MultiPolygon","coordinates":[[[[73.40485,22.81301],[73.39771,22.80784],[73.38441,22.81149],[73.38359,22.79473],[73.37752,22.80128],[73.38094,22.75793],[73.36208,22.771],[73.36346,22.77724],[73.35903,22.78725],[73.35025,22.79227],[73.31561,22.7815],[73.27539,22.78265],[73.25809,22.76977],[73.2548,22.76225],[73.25918,22.75044],[73.25365,22.74265],[73.25189,22.71932],[73.25508,22.70562],[73.26505,22.69136],[73.26927,22.6664],[73.26029,22.65672],[73.23863,22.64524],[73.21886,22.62116],[73.20112,22.61784],[73.19132,22.60313],[73.15624,22.58875],[73.15029,22.55197],[73.1357,22.52451],[73.09178,22.51016],[73.08769,22.49601],[73.0934,22.45544],[73.06506,22.42826],[73.07301,22.39696],[73.06801,22.38517],[73.05278,22.37328],[73.0468,22.36269],[73.05339,22.33929],[73.06367,22.32035],[73.05992,22.31097],[73.03514,22.2957],[73.00928,22.2676],[72.97457,22.254],[72.96824,22.2627],[72.95176,22.26321],[72.94896,22.29273],[72.94304,22.28822],[72.93304,22.29036],[72.91329,22.24044],[72.90178,22.23316],[72.8888,22.23073],[72.87452,22.2205],[72.865,22.22145],[72.86887,22.20942],[72.87715,22.20577],[72.87686,22.1813],[72.88325,22.17498],[72.89462,22.1788],[72.8984,22.1872],[72.91512,22.19232],[72.92222,22.19251],[72.92685,22.18599],[72.92683,22.16902],[72.91441,22.16777],[72.91259,22.16283],[72.90717,22.16472],[72.89041,22.16007],[72.88582,22.17197],[72.88229,22.16583],[72.86296,22.15509],[72.86393,22.14076],[72.87369,22.13919],[72.87469,22.12668],[72.87991,22.11892],[72.87203,22.11592],[72.87193,22.11234],[72.88469,22.09317],[72.89781,22.09483],[72.9049,22.06797],[72.91579,22.06645],[72.92227,22.06044],[72.9136,22.04702],[72.92651,22.04944],[72.93175,22.0417],[72.93994,22.04581],[72.9405,22.05363],[72.95376,22.0527],[72.96053,22.04619],[72.9793,22.05249],[72.98467,22.04783],[72.98932,22.02761],[72.99791,22.01892],[73.00906,22.01707],[73.02604,21.9955],[73.04365,22.00452],[73.04805,22.00327],[73.05041,22.01227],[73.06329,22.01652],[73.06239,21.99991],[73.06805,21.98393],[73.04891,21.97606],[73.05228,21.94874],[73.04801,21.93941],[73.04229,21.93708],[73.016,21.94191],[73.00219,21.93565],[72.99392,21.92697],[73.00005,21.91074],[73.01824,21.9186],[73.03562,21.9197],[73.03788,21.9267],[73.04324,21.92831],[73.04211,21.93363],[73.04742,21.93531],[73.05324,21.92215],[73.06693,21.92377],[73.07523,21.93033],[73.09048,21.92954],[73.09159,21.92121],[73.08715,21.91772],[73.06272,21.91166],[73.05929,21.88221],[73.07186,21.87699],[73.08595,21.8806],[73.09124,21.87215],[73.10462,21.87705],[73.12541,21.87753],[73.13197,21.86608],[73.15204,21.86144],[73.18401,21.83126],[73.20155,21.8223],[73.22218,21.82579],[73.24256,21.84085],[73.24708,21.85012],[73.24855,21.86499],[73.22799,21.88758],[73.22093,21.90639],[73.22205,21.91583],[73.23342,21.92833],[73.2424,21.93389],[73.25692,21.93547],[73.27748,21.91375],[73.27891,21.90499],[73.29752,21.89077],[73.32781,21.87484],[73.34127,21.87545],[73.34678,21.88222],[73.34456,21.91439],[73.3554,21.92828],[73.37636,21.92937],[73.39985,21.9115],[73.41651,21.91021],[73.43871,21.92659],[73.44292,21.94154],[73.43992,21.96393],[73.44716,21.97445],[73.45869,21.97491],[73.46185,21.97982],[73.50387,21.96281],[73.5076,21.96963],[73.50477,21.97715],[73.5129,21.98087],[73.51425,21.9901],[73.51116,22.00355],[73.50035,22.00904],[73.49499,22.01731],[73.50067,22.01717],[73.50242,22.02252],[73.50022,22.03287],[73.50322,22.03534],[73.49991,22.03956],[73.51403,22.03764],[73.52165,22.05643],[73.53094,22.05057],[73.52918,22.06189],[73.54223,22.06173],[73.54329,22.06474],[73.53246,22.07138],[73.54039,22.09124],[73.5142,22.09206],[73.50169,22.07845],[73.48919,22.07804],[73.48799,22.07051],[73.47619,22.0867],[73.47913,22.10327],[73.50099,22.11234],[73.50671,22.1225],[73.50702,22.13427],[73.51897,22.14472],[73.50607,22.14466],[73.50844,22.15224],[73.50447,22.15248],[73.49639,22.16682],[73.49544,22.1775],[73.504,22.18893],[73.50532,22.19937],[73.50165,22.20419],[73.48651,22.20765],[73.4809,22.21893],[73.49169,22.22451],[73.49165,22.23584],[73.49813,22.23554],[73.50841,22.24896],[73.52117,22.24806],[73.52463,22.26135],[73.54346,22.26996],[73.5463,22.27526],[73.54016,22.279],[73.53967,22.28671],[73.54919,22.28807],[73.54157,22.29758],[73.54739,22.31439],[73.54422,22.3311],[73.56286,22.32857],[73.56625,22.33637],[73.55436,22.33641],[73.54635,22.34587],[73.52799,22.34588],[73.51775,22.34107],[73.51076,22.35217],[73.48228,22.34947],[73.47855,22.35518],[73.46434,22.3601],[73.47247,22.38174],[73.45805,22.38114],[73.44882,22.39649],[73.43796,22.40006],[73.44641,22.41409],[73.44562,22.42523],[73.43295,22.42148],[73.41994,22.42837],[73.42053,22.44703],[73.42703,22.44949],[73.42532,22.45682],[73.43019,22.46177],[73.42745,22.48566],[73.41655,22.49726],[73.41477,22.50558],[73.40527,22.50685],[73.41481,22.51756],[73.41131,22.52503],[73.42127,22.5467],[73.41405,22.55362],[73.39172,22.55191],[73.37203,22.5563],[73.38281,22.57922],[73.37795,22.58558],[73.38309,22.61159],[73.38898,22.61365],[73.38415,22.62684],[73.36254,22.62738],[73.36891,22.64073],[73.36819,22.64764],[73.38387,22.64995],[73.38959,22.64344],[73.39714,22.64346],[73.40025,22.6566],[73.40715,22.65427],[73.41688,22.66112],[73.41575,22.67554],[73.40704,22.67802],[73.40279,22.69027],[73.39121,22.68737],[73.38297,22.71968],[73.38669,22.73251],[73.3847,22.74197],[73.41046,22.75916],[73.42678,22.76237],[73.4228,22.78553],[73.40406,22.7937],[73.40485,22.81301]]]]}},{"type":"Feature","properties":{"district":"Valsad","code":"VL","source_name":"Valsad","dtcode11":"491"},"geometry":{"type":"MultiPolygon","coordinates":[[[[72.92643,20.25099],[72.91885,20.25699],[72.91187,20.27415],[72.92716,20.2863],[72.93145,20.29501],[72.94148,20.29328],[72.95491,20.2843],[72.96277,20.2712],[72.97181,20.27022],[72.98188,20.27652],[72.98128,20.28977],[73.01012,20.2911],[73.01186,20.29962],[73.00775,20.31242],[73.01723,20.30895],[73.01615,20.29355],[73.03469,20.29136],[73.04258,20.32502],[73.06726,20.32941],[73.07761,20.32295],[73.09084,20.34479],[73.08999,20.35836],[73.09644,20.36039],[73.11178,20.33692],[73.10142,20.30279],[73.12484,20.30394],[73.12937,20.31743],[73.15141,20.31719],[73.15885,20.30845],[73.16618,20.30942],[73.16407,20.2975],[73.16715,20.28847],[73.16574,20.28295],[73.15815,20.28023],[73.15172,20.29052],[73.14562,20.28648],[73.14249,20.27383],[73.13165,20.27366],[73.12686,20.25942],[73.11392,20.25588],[73.0981,20.23927],[73.09791,20.22754],[73.0876,20.22509],[73.07063,20.23191],[73.06022,20.22326],[73.04911,20.20013],[73.05979,20.19386],[73.06306,20.17753],[73.06049,20.16182],[73.06457,20.15857],[73.07384,20.15554],[73.07954,20.17316],[73.0873,20.17025],[73.09052,20.16032],[73.09966,20.15615],[73.10837,20.15776],[73.11591,20.1521],[73.11943,20.16813],[73.12866,20.17336],[73.13629,20.16996],[73.14212,20.17729],[73.13347,20.18852],[73.13324,20.20569],[73.13779,20.20751],[73.14783,20.20066],[73.1525,20.20382],[73.15743,20.19827],[73.16854,20.20815],[73.17172,20.19836],[73.17905,20.19767],[73.1782,20.19256],[73.19197,20.19735],[73.21797,20.18585],[73.21631,20.17273],[73.20616,20.16253],[73.18992,20.16419],[73.18477,20.14717],[73.18801,20.12852],[73.1977,20.12624],[73.20327,20.11952],[73.21066,20.12045],[73.21791,20.13641],[73.22567,20.13991],[73.22494,20.12357],[73.24321,20.12788],[73.24915,20.12268],[73.25473,20.12698],[73.25399,20.13776],[73.26492,20.13986],[73.27918,20.15002],[73.28324,20.1981],[73.28934,20.19846],[73.29949,20.20947],[73.31375,20.20238],[73.32443,20.20632],[73.34345,20.19947],[73.34665,20.2096],[73.3569,20.2129],[73.3614,20.20725],[73.35322,20.20138],[73.36545,20.19547],[73.36607,20.20358],[73.37439,20.20436],[73.38317,20.21162],[73.38673,20.20949],[73.3888,20.19278],[73.39458,20.19881],[73.40639,20.19553],[73.41679,20.19831],[73.42148,20.20646],[73.41591,20.21291],[73.41826,20.22186],[73.41373,20.22476],[73.41479,20.23583],[73.41077,20.2385],[73.41768,20.24279],[73.41284,20.24437],[73.41492,20.25144],[73.41136,20.25314],[73.41618,20.25859],[73.41291,20.27086],[73.42776,20.28003],[73.41387,20.32563],[73.41853,20.33043],[73.40927,20.34912],[73.41373,20.35211],[73.41273,20.36079],[73.4054,20.38534],[73.3994,20.38445],[73.3848,20.37119],[73.37935,20.39017],[73.38735,20.3982],[73.39648,20.39657],[73.39958,20.4057],[73.40599,20.40287],[73.40494,20.40988],[73.41239,20.41064],[73.41408,20.41613],[73.41964,20.41297],[73.41861,20.41783],[73.42319,20.42206],[73.42117,20.42994],[73.42889,20.4421],[73.43107,20.45432],[73.43553,20.45574],[73.44489,20.47469],[73.45631,20.47824],[73.45918,20.49176],[73.46773,20.49638],[73.4697,20.51983],[73.49282,20.53572],[73.49269,20.53992],[73.47533,20.54351],[73.47915,20.56053],[73.47423,20.58315],[73.4492,20.59416],[73.431,20.59414],[73.42427,20.62022],[73.41852,20.62794],[73.38439,20.61388],[73.37932,20.61827],[73.36837,20.61311],[73.35948,20.61638],[73.35259,20.6078],[73.33315,20.60293],[73.33009,20.59902],[73.32517,20.60071],[73.32238,20.5957],[73.31504,20.60185],[73.30633,20.59125],[73.29427,20.58974],[73.29003,20.59287],[73.27334,20.58133],[73.25898,20.5797],[73.24189,20.59344],[73.22526,20.59583],[73.21897,20.60221],[73.21022,20.60229],[73.2038,20.59328],[73.18701,20.59171],[73.17819,20.59487],[73.17232,20.60257],[73.16562,20.59934],[73.15255,20.6055],[73.14036,20.59905],[73.12155,20.60155],[73.11513,20.59409],[73.10034,20.59998],[73.07287,20.59986],[73.06741,20.61179],[73.07147,20.6225],[73.06716,20.62245],[73.06567,20.62692],[73.07286,20.65267],[73.0559,20.66403],[73.03292,20.66493],[73.03499,20.66895],[73.03018,20.67055],[73.02858,20.67657],[73.03938,20.68042],[73.0474,20.699],[73.03315,20.7015],[73.01839,20.71101],[73.01228,20.72697],[73.01629,20.72994],[73.00105,20.72506],[72.99395,20.7267],[72.9967,20.73498],[72.99026,20.73339],[72.97206,20.745],[72.96299,20.74141],[72.96851,20.72719],[72.958,20.719],[72.9415,20.72277],[72.94102,20.72803],[72.92886,20.73431],[72.88036,20.73347],[72.87679,20.74001],[72.8665,20.73971],[72.85483,20.7499],[72.84934,20.73667],[72.85423,20.71478],[72.8903,20.6161],[72.89983,20.58232],[72.898,20.57438],[72.90369,20.57587],[72.89762,20.57312],[72.88719,20.54577],[72.88745,20.53269],[72.88301,20.53119],[72.88448,20.50231],[72.87838,20.4951],[72.86854,20.49161],[72.85555,20.46748],[72.88662,20.46224],[72.88804,20.45051],[72.89539,20.44421],[72.88777,20.43815],[72.87491,20.44548],[72.85732,20.41883],[72.87056,20.41371],[72.89646,20.42103],[72.90418,20.41474],[72.90292,20.40676],[72.89194,20.39907],[72.88283,20.39775],[72.88697,20.38536],[72.89667,20.3799],[72.89074,20.37255],[72.87674,20.36967],[72.86401,20.37512],[72.8562,20.37193],[72.83601,20.37322],[72.82768,20.36651],[72.82074,20.36788],[72.81,20.35365],[72.79012,20.35168],[72.77758,20.33684],[72.77286,20.30324],[72.76246,20.30141],[72.75667,20.29503],[72.75279,20.2613],[72.74005,20.24312],[72.7458,20.20947],[72.74969,20.20579],[72.74154,20.18454],[72.7377,20.12786],[72.7748,20.1319],[72.7941,20.1231],[72.78526,20.14488],[72.80584,20.15423],[72.81515,20.14444],[72.82446,20.14178],[72.82236,20.15474],[72.81631,20.15644],[72.81975,20.1655],[72.81676,20.1727],[72.82008,20.17518],[72.81603,20.1842],[72.82525,20.18875],[72.83694,20.18822],[72.83088,20.19653],[72.83902,20.20889],[72.86118,20.20737],[72.85873,20.2245],[72.87049,20.22808],[72.8896,20.22],[72.89941,20.2276],[72.93444,20.21571],[72.9495,20.21561],[72.96318,20.20853],[72.96647,20.22245],[72.95805,20.23399],[72.94006,20.24246],[72.93086,20.24274],[72.92643,20.25099]],[[72.97122,20.29711],[72.95266,20.31449],[72.96167,20.33227],[72.97856,20.33194],[72.9829,20.32302],[72.98283,20.31826],[72.9742,20.3107],[72.97122,20.29711]]]]}}]}